Australian Bureau of Statistics,,,,,,,,,,,,,,,,,,,,,,,,,,,,,,,,,,,,,,,,,,,,,,,,,,,,,,,,,,,,,,,,,,,,,,,,,,,,,,,,,,,,,,,,,,,,,,,,,,,,,,,,,,,,,,,,,,,,,,,,,,,,,,,,,,,,
"5209055001 Australian National Accounts: Input-Output Tables - Electronic Publication, Final release 2006-07 tables",,,,,,,,,,,,,,,,,,,,,,,,,,,,,,,,,,,,,,,,,,,,,,,,,,,,,,,,,,,,,,,,,,,,,,,,,,,,,,,,,,,,,,,,,,,,,,,,,,,,,,,,,,,,,,,,,,,,,,,,,,,,,,,,,,,,
Released at 11.30am (Canberra time) 23 December 2010,,,,,,,,,,,,,,,,,,,,,,,,,,,,,,,,,,,,,,,,,,,,,,,,,,,,,,,,,,,,,,,,,,,,,,,,,,,,,,,,,,,,,,,,,,,,,,,,,,,,,,,,,,,,,,,,,,,,,,,,,,,,,,,,,,,,
,,,,,,,,,,,,,,,,,,,,,,,,,,,,,,,,,,,,,,,,,,,,,,,,,,,,,,,,,,,,,,,,,,,,,,,,,,,,,,,,,,,,,,,,,,,,,,,,,,,,,,,,,,,,,,,,,,,,,,,,,,,,,,,,,,,,
TABLE 8. INDUSTRY BY INDUSTRY FLOW TABLE (INDIRECT ALLOCATION OF IMPORTS),,,,,,,,,,,,,,,,,,,,,,,,,,,,,,,,,,,,,,,,,,,,,,,,,,,,,,,,,,,,,,,,,,,,,,,,,,,,,,,,,,,,,,,,,,,,,,,,,,,,,,,,,,,,,,,,,,,,,,,,,,,,,,,,,,,,
"INDIRECT ALLOCATION OF IMPORTS, BASIC PRICES, 111 INDUSTRIES",,,,,,,,,,,,,,,,,,,,,,,,,,,,,,,,,,,,,,,,,,,,,,,,,,,,,,,,,,,,,,,,,,,,,,,,,,,,,,,,,,,,,,,,,,,,,,,,,,,,,,,,,,,,,,,,,,,,,,,,,,,,,,,,,,,,
($million),,,,,,,,,,,,,,,,,,,,,,,,,,,,,,,,,,,,,,,,,,,,,,,,,,,,,,,,,,,,,,,,,,,,,,,,,,,,,,,,,,,,,,,,,,,,,,,,,,,,,,,,,,,,,,,,,,,,,,,,,,,,,,,,,,,,
,,,,,,,,,,,,,,,,,,,,,,,,,,,,,,,,,,,,,,,,,,,,,,,,,,,,,,,,,,,,,,,,,,,,,,,,,,,,,,,,,,,,,,,,,,,,,,,,,,,,,,,,,,,,,,,,,,,,,,,,,,,,,,,,,,,,
,,,,,,,,,,,,,,,,,,,,,,,,,,,,,,,,,,,,,,,,,,,,,,,,,,,,,,,,,,,,,,,,,,,,,,,,,,,,,,,,,,,,,,,,,,,,,,,,,,,,,,,,,,,,,,,,,,,,,,,,,,,,,,,,,,,,
  ,FOR USE,0101,0102,0103,0201,0301,0401,0501,0601,0701,0801,0802,0901,1001,1101,1102,1103,1104,1105,1106,1107,1108,1109,1201,1202,1205,1301,1302,1303,1304,1305,1306,1401,1402,1501,1502,1601,1701,1801,1802,1803,1804,1901,1902,2001,2002,2003,2004,2005,2101,2102,2201,2202,2203,2204,2301,2302,2303,2304,2401,2403,2404,2405,2501,2502,2601,2605,2701,2801,2901,3001,3002,3101,3201,3301,3901,4401,4501,4601,4701,4801,4901,5101,5201,5401,5501,5601,5701,5801,6001,6201,6301,6401,6601,6701,6702,6901,7001,7201,7501,7601,7701,8001,8401,8601,8901,9101,9201,9401,9402,9501,9502,Total,Final Consumption Expenditure,,,Gross Fixed Capital Formation,,Changes in Inventories,Exports,Final Uses,Total,,,,,,,,,,
,,"Sheep, Grains, Beef and Dairy Cattle",Poultry and Other Livestock,Other Agriculture,Aquaculture,Forestry and Logging,"Fishing, hunting and trapping","Agriculture, Forestry and Fishing Support Services",Coal mining,Oil and gas extraction,Iron Ore Mining,Non Ferrous Metal Ore Mining,Non Metallic Mineral Mining,Exploration and Mining Support Services,Meat and Meat product Manufacturing,Processed Seafood Manufacturing,Dairy Product Manufacturing,Fruit and Vegetable Product Manufacturing,Oils and Fats Manufacturing,Grain Mill and Cereal Product Manufacturing,Bakery Product Manufacturing,Sugar and Confectionery Manufacturing,Other Food Product Manufacturing,"Soft Drinks, Cordials and Syrup Manufacturing",Beer Manufacturing,"Wine, Spirits and Tobacco",Textile Manufacturing,"Tanned Leather, Dressed Fur and Leather Product Manufacturing",Textile Product Manufacturing,Knitted Product Manufacturing,Clothing Manufacturing,Footwear Manufacturing,Sawmill Product Manufacturing,Other Wood Product Manufacturing,"Pulp, Paper and Paperboard Manufacturing",Paper Stationery and Other Converted Paper Product Manufacturing,Printing (including the reproduction of recorded media),Petroleum and Coal Product Manufacturing,Human Pharmaceutical and Medicinal Product Manufacturing,Veterinary Pharmaceutical and Medicinal Product Manufacturing,Basic Chemical Manufacturing,Cleaning Compounds and Toiletry Preparation Manufacturing,Polymer Product Manufacturing,Natural Rubber Product Manufacturing,Glass and Glass Product Manufacturing,Ceramic Product Manufacturing,"Cement, Lime and Ready-Mixed Concrete Manufacturing",Plaster and Concrete Product Manufacturing,Other Non-Metallic Mineral Product Manufacturing,Iron and Steel Manufacturing,Basic Non-Ferrous Metal Manufacturing,Forged Iron and Steel Product Manufacturing,Structural Metal Product Manufacturing,Metal Containers and Other Sheet Metal Product manufacturing,Other Fabricated Metal Product manufacturing,Motor Vehicles and Parts; Other Transport Equipment manufacturing,Ships and Boat Manufacturing,Railway Rolling Stock Manufacturing,Aircraft Manufacturing,"Professional, Scientific, Computer and Electronic Equipment Manufacturing",Electrical Equipment Manufacturing,Domestic Appliance Manufacturing,Specialised and other Machinery and Equipment Manufacturing,Furniture Manufacturing,Other Manufactured Products,Electricity Generation,"Electricity Transmission, Distribution, On Selling and Electricity Market Operation",Gas Supply,"Water Supply, Sewerage and Drainage Services ","Waste Collection, Treatment and Disposal Services",Residential Building Construction,Non-Residential Building Construction,Heavy and Civil Engineering Construction,Construction Services,Wholesale Trade,Retail Trade,Accommodation,Food and Beverage Services,Road Transport,Rail Transport,"Water, Pipeline and Other Transport",Air and Space Transport,Postal and Courier Pick-up and Delivery Service,Transport Support services and storage,Publishing (except Internet and Music Publishing),Motion Picture and Sound Recording,Broadcasting (except Internet),"Internet Publishing and Broadcasting and Services Providers, Websearch Portals and Data Processing Services",Telecommunication Services,Library and Other Information Services,Finance,Insurance and Superannuation Funds,Auxiliary Finance and Insurance Services,Rental and Hiring Services (except Real Estate),Ownership of Dwellings,Non-Residential Property Operators and Real Estate Services,"Professional, Scientific and Technical Services ",Computer Systems Design and Related Services,"Building Cleaning, Pest Control, Administrative and Other Support Services",Public Administration and Regulatory Services,Defence,Public Order and Safety,Education and Training,Health Care Services,Residential Care and Social Assistance Services,"Heritage, Creative and Performing Arts",Sports and Recreation ,Gambling,Automotive Repair and Maintenance,Other Repair and Maintenance,Personal Services,Other Services,Industry Uses ,Households,Government,Private,Public Enterprise,General Government,Inventories,,(Q1 to Q7),Supply,,,,,,,,,,
FROM INDUSTRY,,,,,,,,,,,,,,,,,,,,,,,,,,,,,,,,,,,,,,,,,,,,,,,,,,,,,,,,,,,,,,,,,,,,,,,,,,,,,,,,,,,,,,,,,,,,,,,,,,,,,,,,,,,,,,,,,T4,Q1,Q2,Q3,Q4,Q5,Q6,Q7,T5,T6,,,,,,,,,,
0101,"Sheep, Grains, Beef and Dairy Cattle", 1 246,  59,  233,  0,  3,  2,  21,  4,  2,  0,  2,  0,  11, 8 406,  6, 3 687,  5,  105,  739,  17,  65,  121,  13,  323,  304,  141,  18,  278,  0,  0,  0,  4,  12,  1,  7,  15,  1,  1,  25,  100,  13,  3,  0,  0,  0,  8,  0,  0,  24,  2,  1,  2,  1,  8,  34,  4,  0,  0,  2,  1,  0,  2,  1,  0,  0,  0,  0,  0,  0,  2,  1,  1,  5,  319,  699,  38,  298,  19,  14,  4,  5,  8,  48,  9,  0,  0,  5,  35,  0,  4,  0,  0,  3,  2,  7,  22,  2,  23,  12,  0,  3,  3,  1,  8,  1,  4,  0,  1,  1,  3,  14, 17 710,  127,  3, 1 690,  15,  12,-  803, 5 228, 6 272, 23 982,,A, 1 717,,,,,,,
0102,Poultry and Other Livestock,  16,  161,  110,  0,  0,  2,  1,  0,  0,  0,  0,  0,  1, 1 963,  0,  29,  0,  1,  1,  10,  4,  72,  0,  0,  0,  13,  8,  0,  0,  0,  0,  0,  1,  0,  0,  1,  0,  1,  1,  1,  1,  0,  0,  0,  0,  1,  0,  0,  2,  0,  0,  0,  0,  1,  2,  0,  0,  0,  0,  0,  0,  0,  0,  0,  0,  0,  0,  0,  0,  0,  0,  0,  1,  120,  176,  26,  136,  1,  1,  0,  0,  1,  3,  1,  4,  3,  0,  2,  0,  0,  0,  0,  90,  4,  2,  4,  0,  1,  1,  0,  5,  28,  0,  0,  0,  49,  2,  0,  0,  2,  0, 3 071,  679,  1,  15,  5,  2,  62,  139,  902, 3 973,,A,  22,,,,,,,
0103,Other Agriculture,  796,  54,  933,  0,  3,  0,  595,  1,  0,  0,  1,  0,  2,  38,  8,  26,  882,  50,  28,  65, 1 279,  784,  5,  2, 1 059,  1,  0,  1,  0,  0,  0,  1,  2,  0,  1,  3,  0,  0,  0,  2,  1,  6,  65,  0,  0,  2,  0,  0,  5,  1,  0,  1,  1,  2,  6,  1,  0,  0,  0,  0,  0,  1,  4,  0,  1,  1,  0,  10,  0,  36,  57,  9,  104,  54,  273,  138,  692,  5,  5,  2,  1,  1,  16,  1,  39,  55,  1,  6,  3,  7,  0,  0,  44,  6,  20,  34,  4,  103,  32,  4,  10,  25,  6,  4,  37,  89,  23,  4,  2,  73,  6, 8 763, 5 348,  3,  486,  11,  8,  206,  894, 6 955, 15 719,,A,  505,,,,,,,
0201,Aquaculture,  0,  0,  0,  10,  0,  0,  1,  0,  0,  0,  0,  0,  0,  0,  122,  0,  0,  13,  0,  1,  0,  23,  0,  0,  0,  0,  0,  0,  0,  0,  0,  0,  0,  0,  0,  0,  0,  0,  0,  0,  0,  0,  0,  0,  0,  0,  0,  0,  0,  0,  0,  0,  0,  0,  0,  0,  0,  0,  0,  0,  0,  0,  0,  0,  0,  0,  0,  0,  0,  0,  1,  1,  1,  6,  97,  43,  150,  0,  0,  0,  0,  0,  1,  0,  0,  0,  0,  0,  0,  1,  0,  0,  0,  0,  0,  0,  0,  1,  1,  0,  0,  0,  0,  0,  0,  1,  2,  0,  1,  0,  0,  479,  471,  0,  3,  0,  1,-  6,  68,  537, 1 017,,A,  4,,,,,,,
0301,Forestry and Logging,  28,  10,  5,  0,  91,  2,  89,  3,  4,  1,  1,  0,  2,  0,  0,  1,  0,  0,  0,  0,  1,  0,  1,  0,  0,  0,  0,  0,  0,  0,  0, 1 229,  434,  428,  7,  6,  2,  30,  1,  86,  15,  28,  0,  0,  0,  1,  0,  0,  3,  3,  0,  1,  0,  1,  5,  1,  0,  0,  1,  0,  0,  1,  49,  1,  0,  0,  0,  1,  0,  1,  18,  17,  6,  17,  1,  1,  4,  3,  6,  1,  1,  1,  6,  7,  0,  0,  1,  5,  0,  1,  0,  0,  1,  1,  4,  13,  0,  10,  2,  0,  1,  1,  0,  1,  0,  0,  0,  1,  2,  1,  0, 2 712,  45,  67,  33,  11,  5,  229,  115,  505, 3 217,,A,  49,,,,,,,
0401,"Fishing, hunting and trapping",  11,  1,  16,  0,  0,  2,  3,  2,  1,  0,  1,  0,  0,  0,  295,  0,  0,  3,  1,  2,  1,  69,  1,  0,  0,  0,  39,  0,  0,  0,  0,  0,  0,  0,  0,  0,  0,  0,  0,  0,  0,  0,  0,  0,  0,  0,  0,  0,  1,  0,  0,  0,  0,  0,  1,  0,  0,  0,  0,  0,  0,  0,  0,  2,  0,  1,  0,  0,  0,  1,  3,  3,  2,  14,  89,  65,  277,  1,  0,  0,  0,  0,  3,  0,  0,  1,  0,  2,  0,  3,  0,  0,  1,  0,  2,  3,  0,  3,  8,  0,  1,  0,  1,  1,  5,  2,  3,  2,  2,  1,  1,  960,  826,  23,  8,  0,  2,-  4,  303, 1 159, 2 118,,A,  10,,,,,,,
0501,"Agriculture, Forestry and Fishing Support Services", 2 005,  122, 1 874,  24,  388,  72,  245,  4,  1,  0,  18,  2,  0,  0,  0,  0,  0,  2,  0,  0,  0,  1,  0,  0,  0,  212,  0,  17,  1,  0,  0,  0,  0,  0,  0,  0,  0,  0,  0,  3,  5,  0,  0,  0,  0,  0,  0,  0,  1,  0,  0,  0,  0,  0,  1,  0,  0,  0,  1,  3,  0,  0,  0,  3,  0,  1,  0,  0,  0,  1,  3,  3,  2,  11,  2,  1,  3,  2,  0,  0,  0,  0,  4,  0,  0,  0,  0,  4,  0,  2,  0,  0,  1,  0,  1,  9,  0,  3,  27,  0,  1,  0,  1,  1,  0,  0,  0,  2,  2,  1,  1, 5 099,  36,  384,  34,  1,  9,-  341,  764,  886, 5 985,,A,  44,,,,,,,
0601,Coal mining,  5,  0,  7,  0,  0,  0,  6,  516,  106,  316,  593,  30,  24,  1,  1,  2,  4,  1,  4,  1,  1,  8,  1,  0,  0,  0,  0,  9,  0,  0,  0,  0,  0,  1,  1,  1,  102,  1,  0,  99,  0,  1,  0,  0,  0,  18,  0,  0,  298,  46,  7,  1,  0,  3,  3,  0,  0,  0,  0,  0,  0,  0,  0,  0, 3 357,  4,  2,  0,  0,  7,  11,  11,  16,  54,  19,  2,  10,  10,  5,  1,  2,  1,  14,  1,  1,  2,  2,  7,  0,  8,  1,  5,  5,  2,  13,  73,  10,  43,  19,  9,  3,  3,  4,  3,  1,  2,  2,  5,  6,  3,  2, 5 983,  8,  9,  476,  16,  125,-  38, 20 484, 21 079, 27 062,,B,  616,,,,,,,
0701,Oil and gas extraction,  12,  2,  9,  0,  1,  0,  11,  252,  288,  184,  309,  29,  17,  27,  3,  58,  7,  6,  4,  15,  9,  6,  23,  9,  5,  1,  1,  1,  0,  1,  0,  2,  5,  18,  30,  4, 17 919,  5,  0,  126,  215,  8,  1,  66,  50,  30,  116,  10,  101,  107,  2,  6,  2,  5,  22,  2,  1,  0,  4,  2,  1,  5,  4,  2,  237,  7,  1,  3,  0,  35,  29,  29,  65, 4 320,  74,  21,  123,  450,  22,  1,  1,  9,  17,  2,  1,  2,  6,  71,  0,  5,  0,  1,  5,  5,  15,  47,  6,  25,  71,  54,  6,  19,  21,  24,  2,  3,  2,  8,  6,  4,  6, 26 018, 1 834,  4,  570,  35,  138,-  544, 13 504, 15 540, 41 558,,B,  742,,,,,,,
0801,Iron Ore Mining,  4,  1,  2,  0,  0,  0,  2,  11,  4,  86,  11,  3,  1,  2,  0,  2,  0,  0,  1,  0,  0,  1,  1,  0,  1,  0,  0,  0,  0,  0,  0,  0,  1,  1,  2,  1,  1,  1,  0,  2,  0,  2,  0,  0,  0,  3,  0,  0, 1 610,  6,  15,  2,  1,  3,  4,  0,  0,  0,  2,  0,  0,  1,  0,  0,  16,  32,  2,  4,  0,  5,  8,  7,  11,  48,  17,  2,  11,  2,  4,  1,  1,  1,  13,  1,  1,  2,  2,  5,  0,  4,  0,  5,  5,  2,  13,  85,  11,  48,  14,  5,  3,  11,  3,  3,  1,  2,  2,  5,  3,  2,  1, 2 218,  89,  0,  194,  11,  47,  128, 14 546, 15 016, 17 234,,B,  252,,,,,,,
0802,Non Ferrous Metal Ore Mining,  11,  1,  7,  0,  0,  0,  4,  68,  16,  49, 1 599,  26,  35,  0,  1,  0,  0,  0,  0,  0,  0,  2,  0,  0,  0,  0,  0,  0,  0,  0,  0,  18,  0,  0,  0,  0,  5,  1,  0,  271,  1,  1,  0,  0,  46,  22,  199,  81,  138, 26 464,  2,  1,  1,  22,  1,  0,  7,  0,  3,  50,  0,  42,  10,  0,  3,  6,  1,  2,  0,  16,  13,  13,  27,  388,  7,  0,  1,  5,  30,  1,  1,  0,  7,  1,  0,  0,  1,  4,  0,  1,  0,  1,  1,  2,  11,  23,  4,  14,  77,  59,  1,  2,  1,  1,  0,  0,  0,  1,  4,  1,  1, 29 939,  8,  2,  826,  78,  190,  342, 10 897, 12 342, 42 281,,B, 1 093,,,,,,,
0901,Non Metallic Mineral Mining,  7,  1,  6,  0,  0,  0,  7,  52,  19,  16,  33,  183,  18,  0,  12,  1,  0,  0,  0,  34,  24,  80,  1,  0,  1,  0,  0,  6,  0,  0,  0,  0,  0,  0,  1,  1,  2,  1,  0,  68,  0,  2,  0,  30,  10,  635,  121,  66,  646,  180,  14,  5,  1,  4,  3,  0,  0,  0,  7,  2,  0,  2,  0,  84,  3,  6,  2,  21,  0,  88,  117,  116,  113,  65,  28,  3,  16,  3,  5,  1,  2,  1,  17,  1,  11,  14,  3,  6,  1,  8,  1,  6,  6,  5,  18,  120,  16,  61,  34,  8,  10,  7,  5,  6,  7,  14,  11,  6,  7,  6,  4, 3 397,  6,  0,  95,  9,  18,  122,  846, 1 097, 4 495,,B,  122,,,,,,,
1001,Exploration and Mining Support Services,  0,  0,  0,  0,  0,  0,  0, 2 880,  617, 1 853, 3 360,  149,  134,  0,  0,  0,  0,  0,  0,  0,  0,  0,  0,  0,  0,  0,  0,  0,  0,  0,  0,  0,  0,  0,  0,  0,  0,  0,  0,  0,  0,  0,  0,  0,  0,  0,  0,  0,  0,  0,  0,  0,  0,  0,  0,  0,  0,  0,  0,  0,  0,  0,  0,  0,  0,  0,  0,  0,  0,  0,  0,  0,  0,  1,  0,  0,  0,  0,  0,  0,  0,  0,  0,  0,  0,  0,  0,  1,  0,  0,  0,  0,  0,  0,  0,  1,  1,  1,  1,  0,  1,  0,  0,  0,  0,  0,  0,  0,  0,  0,  0, 9 003,  0,  79, 4 326,  5,  63,  0,  8, 4 480, 13 483,,B, 4 393,,,,,,,
1101,Meat and Meat product Manufacturing,  39,  15,  55,  1,  0,  1,  17,  1,  1,  1,  1,  0,  0, 1 107,  4,  5,  21,  62,  7,  402,  17,  526,  4,  0,  3,  0,  399,  18,  0,  1,  0,  0,  3,  0,  0,  0,  0,  5,  13,  122,  152,  1,  0,  0,  0,  0,  0,  0,  1,  1,  0,  1,  0,  0,  4,  0,  0,  0,  1,  0,  0,  3,  1,  9,  0,  1,  0,  1,  2,  7,  9,  9,  19,  442, 2 304,  333, 1 740,  2,  1,  0,  1,  2,  2,  0,  2,  3,  2,  9,  0,  7,  0,  0,  4,  10,  9,  54,  8,  25,  2,  7,  17,  22,  17,  12,  4,  26,  14,  14,  2,  5,  17, 8 198, 5 322,  6,  101,  3,  24,-  13, 6 058, 11 502, 19 699,,C,  128,,,,,,,
1102,Processed Seafood Manufacturing,  12,  8,  10,  5,  0,  3,  11,  1,  1,  0,  1,  1,  1,  4,  1,  2,  5,  8,  3,  20,  11,  118,  1,  1,  0,  0,  1,  0,  0,  0,  0,  0,  0,  0,  0,  0,  0,  1,  6,  18,  9,  1,  0,  0,  0,  0,  0,  0,  0,  0,  0,  0,  0,  0,  1,  0,  0,  0,  0,  0,  0,  0,  0,  0,  0,  0,  0,  0,  0,  1,  1,  1,  2,  58,  32,  57,  425,  1,  0,  0,  0,  0,  1,  0,  1,  1,  0,  3,  0,  2,  0,  0,  0,  1,  3,  6,  1,  7,  6,  6,  7,  7,  8,  6,  1,  17,  27,  1,  0,  2,  0,  961, 1 184,  5,  13,  0,  2,-  53,  568, 1 721, 2 682,,C,  16,,,,,,,
1103,Dairy Product Manufacturing,  38,  15,  7,  1,  1,  1,  3,  2,  1,  3,  2,  1,  1,  7,  5, 1 080,  27,  127,  22,  134,  483,  103,  13,  0,  26,  0,  0,  0,  0,  0,  0,  1,  1,  0,  1,  1,  0,  15,  9,  7,  10,  3,  0,  0,  0,  1,  0,  0,  1,  1,  0,  1,  0,  1,  9,  2,  0,  2,  2,  1,  0,  2,  1,  2,  1,  2,  1,  8,  4,  9,  9,  8,  11,  57,  146,  101,  912,  5,  2,  0,  4,  9,  5,  1,  2,  3,  7,  40,  0,  10,  0,  0,  3,  4,  8,  70,  23,  48,  3,  6,  30,  39,  9,  33,  3,  9,  14,  18,  5,  2,  35, 3 898, 5 551,  0,  81,  2,  16,  503, 2 454, 8 608, 12 506,,C,  99,,,,,,,
1104,Fruit and Vegetable Product Manufacturing,  2,  1,  1,  0,  1,  0,  1,  2,  1,  1,  2,  1,  1,  14,  3,  23,  181,  6,  27,  187,  59,  71,  20,  1,  27,  0,  2,  1,  0,  0,  0,  0,  1,  0,  1,  1,  1,  2,  0,  4,  1,  2,  0,  0,  0,  1,  0,  0,  1,  1,  0,  1,  0,  1,  7,  1,  0,  1,  2,  1,  0,  3,  1,  0,  0,  1,  0,  1,  0,  4,  3,  3,  5,  11,  59,  55,  484,  3,  0,  0,  2,  1,  1,  1,  0,  1,  1,  5,  0,  0,  0,  0,  1,  1,  2,  5,  1,  4,  2,  28,  23,  23,  43,  54,  1,  4,  13,  5,  2,  1,  1, 1 525, 3 825,  0,  65,  3,  9,-  228,  473, 4 148, 5 672,,C,  77,,,,,,,
1105,Oils and Fats Manufacturing,  8,  10,  2,  0,  0,  1,  1,  0,  0,  0,  0,  0,  0,  11,  6,  16,  5,  309,  20,  45,  17,  218,  5,  0,  1,  0,  0,  0,  0,  0,  0,  0,  0,  0,  0,  0,  0,  36,  7,  26,  13,  24,  0,  0,  0,  0,  0,  0,  0,  0,  0,  0,  0,  0,  1,  0,  0,  0,  0,  0,  0,  0,  0,  0,  0,  0,  0,  0,  0,  1,  1,  1,  1,  6,  27,  12,  150,  0,  0,  0,  0,  0,  0,  0,  0,  0,  0,  2,  0,  0,  0,  0,  0,  0,  1,  3,  1,  5,  1,  1,  1,  6,  2,  4,  0,  1,  1,  1,  0,  1,  1, 1 024, 1 145,  19,  9,  0,  2,  5,  195, 1 376, 2 399,,C,  11,,,,,,,
1106,Grain Mill and Cereal Product Manufacturing,  34,  28,  6,  3,  1,  2,  2,  1,  0,  0,  1,  1,  0,  11,  4,  17,  56,  6,  193,  479,  107,  86,  22,  86,  1,  0,  0,  0,  0,  0,  0,  0,  0,  0,  1,  0,  0,  0,  0,  7,  0,  1,  0,  0,  0,  1,  0,  0,  1,  1,  0,  1,  0,  0,  3,  0,  0,  1,  1,  1,  0,  1,  0,  0,  0,  1,  0,  1,  0,  4,  2,  2,  5,  6,  154,  57,  592,  1,  0,  0,  1,  1,  1,  0,  0,  0,  0,  2,  0,  0,  0,  0,  1,  1,  1,  4,  1,  2,  1,  9,  12,  15,  10,  17,  1,  9,  16,  3,  1,  0,  1, 2 106, 1 629,  0,  35,  2,  7,-  195,  850, 2 327, 4 433,,C,  43,,,,,,,
1107,Bakery Product Manufacturing,  2,  1,  3,  0,  1,  0,  1,  9,  1,  7,  8,  6,  16,  17,  12,  94,  5,  1,  6,  75,  145,  55,  2,  0,  2,  0,  0,  3,  1,  0,  0,  1,  1,  0,  8,  2,  4,  0,  0,  8,  1,  5,  0,  0,  0,  2,  2,  0,  5,  1,  0,  2,  2,  2,  10,  1,  1,  4,  7,  2,  1,  5,  5,  1,  0,  1,  1,  5,  1,  5,  3,  3,  9,  33,  339,  89,  860,  4,  2,  3,  4,  5,  3,  8,  2,  3,  4,  24,  0,  0,  0,  0,  3,  4,  7,  38,  6,  15,  11,  28,  16,  65,  21,  59,  4,  8,  10,  6,  2,  2,  9, 2 285, 3 026,  1,  61,  1,  10,  80,  392, 3 572, 5 857,,C,  73,,,,,,,
1108,Sugar and Confectionery Manufacturing,  35,  17,  9,  2,  1,  1,  5,  2,  2,  1,  3,  1,  1,  6,  32,  32,  28,  16,  106,  237,  378,  375,  112,  7,  53,  0,  1,  1,  0,  1,  0,  1,  1,  0,  1,  1,  1,  11,  4,  9,  6,  11,  0,  0,  0,  1,  0,  0,  3,  1,  0,  2,  1,  1,  9,  1,  0,  1,  3,  1,  0,  3,  1,  1,  6,  11,  0,  1,  0,  10,  7,  7,  11,  17,  162,  67,  490,  5,  1,  0,  4,  1,  4,  1,  2,  2,  1,  7,  0,  2,  0,  0,  1,  8,  3,  14,  3,  14,  4,  7,  5,  10,  9,  8,  3,  12,  10,  7,  3,  3,  2, 2 484, 2 707,  8,  85,  4,  14,  19, 1 672, 4 509, 6 993,,C,  103,,,,,,,
1109,Other Food Product Manufacturing,  508,  303,  140,  36,  6,  12,  124,  1,  5,  1,  1,  0,  4,  37,  30,  152,  120,  21,  74,  269,  239,  132,  11,  1,  2,  0,  3,  0,  0,  0,  0,  0,  1,  0,  1,  1,  0,  2,  7,  11,  2,  5,  0,  0,  0,  0,  1,  0,  1,  1,  0,  2,  0,  1,  4,  0,  0,  0,  1,  1,  0,  5,  1,  1,  0,  1,  1,  1,  1,  4,  2,  2,  9,  30,  211,  68,  500,  3,  0,  0,  2,  1,  4,  1,  12,  17,  1,  4,  1,  1,  0,  0,  1,  2,  4,  17,  5,  34,  19,  32,  42,  29,  15,  26,  28,  291,  113,  4,  2,  35,  6, 3 864, 4 438,  28,  67,  3,  12,  126,  691, 5 365, 9 229,,C,  82,,,,,,,
1201,"Soft Drinks, Cordials and Syrup Manufacturing",  5,  2,  2,  0,  0,  0,  2,  1,  0,  0,  0,  0,  0,  4,  5,  16,  49,  4,  5,  12,  19,  32,  254,  2,  87,  0,  0,  0,  0,  0,  0,  0,  0,  0,  1,  4,  0,  16,  2,  3,  1,  1,  0,  0,  0,  0,  0,  0,  0,  0,  0,  0,  0,  0,  1,  0,  0,  0,  0,  0,  0,  0,  0,  2,  0,  0,  0,  0,  0,  1,  1,  1,  2,  7,  72,  10,  232,  0,  0,  0,  0,  0,  1,  0,  0,  1,  0,  1,  0,  1,  0,  0,  1,  1,  1,  3,  1,  6,  1,  3,  2,  2,  2,  3,  2,  4,  3,  2,  1,  1,  2,  908, 3 923,  0,  10,  0,  2,-  15,  229, 4 150, 5 058,,C,  13,,,,,,,
1202,Beer Manufacturing,  1,  0,  0,  0,  0,  0,  0,  1,  0,  1,  1,  0,  0,  0,  0,  4,  1,  0,  3,  2,  3,  1,  0,  8,  4,  0,  0,  0,  0,  0,  0,  0,  0,  0,  0,  0,  0,  0,  0,  0,  0,  0,  0,  0,  0,  0,  0,  0,  0,  0,  0,  0,  0,  0,  1,  0,  0,  0,  0,  0,  0,  0,  0,  0,  0,  0,  0,  0,  0,  1,  1,  1,  2,  6,  4,  159,  954,  1,  0,  0,  1,  0,  1,  1,  0,  0,  0,  1,  0,  1,  0,  0,  1,  5,  3,  3,  0,  3,  2,  1,  1,  1,  0,  0,  1,  5,  24,  1,  0,  0,  1, 1 222, 2 471,  0,  9,  0,  2,  40,  180, 2 701, 3 923,,C,  11,,,,,,,
1205,"Wine, Spirits and Tobacco",  5,  2,  11,  1,  3,  1,  5,  3,  2,  1,  2,  1,  1,  2,  1,  3,  2,  1,  5,  2,  9,  5,  9,  12,  603,  0,  0,  1,  0,  0,  0,  1,  1,  1,  2,  3,  1,  2,  0,  14,  1,  4,  0,  0,  0,  2,  1,  0,  1,  1,  0,  1,  0,  1,  5,  1,  0,  0,  1,  1,  0,  2,  1,  1,  0,  1,  0,  3,  0,  6,  4,  5,  7,  43,  5,  117,  819,  4,  1,  0,  4,  1,  6,  8,  0,  0,  2,  8,  0,  23,  0,  0,  3,  5,  4,  8,  2,  7,  49,  3,  4,  8,  3,  1,  1,  1,  5,  5,  3,  2,  2, 1 924, 4 032,  0,  42,  2,  8,  38, 3 536, 7 658, 9 582,,C,  52,,,,,,,
1301,Textile Manufacturing,  2,  1,  3,  1,  2,  3,  2,  5,  2,  2,  3,  2,  1,  2,  0,  2,  0,  1,  2,  2,  3,  4,  1,  0,  7,  20,  2,  347,  58,  300,  6,  0,  1,  0,  16,  11,  1,  2,  0,  11,  1,  77,  2,  0,  0,  1,  2,  0,  3,  0,  0,  9,  2,  5,  19,  3,  2,  3,  3,  1,  1,  4,  67,  4,  0,  1,  0,  1,  0,  23,  27,  26,  14,  14,  23,  9,  38,  4,  1,  0,  1,  2,  2,  3,  0,  1,  1,  8,  0,  1,  0,  0,  1,  3,  2,  12,  4,  7,  9,  9,  3,  5,  5,  5,  1,  1,  1,  6,  3,  2,  4, 1 323,  426,  0,  26,  1,  6,  34,  479,  971, 2 294,,C,  33,,,,,,,
1302,"Tanned Leather, Dressed Fur and Leather Product Manufacturing",  1,  1,  2,  0,  0,  0,  0,  1,  0,  0,  1,  0,  0,  4,  0,  2,  0,  1,  1,  1,  1,  2,  1,  1,  2,  0,  127,  11,  1,  19,  63,  0,  1,  0,  2,  3,  0,  1,  0,  4,  1,  4,  0,  1,  0,  2,  1,  1,  2,  1,  0,  2,  1,  5,  14,  1,  1,  0,  4,  1,  0,  3,  49,  29,  1,  1,  0,  0,  0,  7,  2,  3,  6,  62,  7,  1,  7,  12,  1,  1,  4,  3,  4,  1,  1,  1,  1,  7,  0,  1,  0,  0,  0,  0,  0,  9,  1,  8,  2,  12,  2,  7,  6,  2,  3,  33,  27,  47,  2,  2,  1,  678,  177,  0,  11,  0,  1,-  15,  695,  870, 1 549,,C,  12,,,,,,,
1303,Textile Product Manufacturing,  7,  2,  15,  2,  8,  7,  7,  8,  6,  4,  7,  3,  3,  8,  2,  14,  2,  2,  8,  6,  9,  16,  4,  3,  6,  6,  5,  54,  17,  96,  4,  1,  9,  1,  12,  9,  1,  5,  1,  16,  4,  26,  2,  1,  0,  3,  6,  1,  22,  14,  0,  17,  3,  19,  32,  10,  1,  9,  12,  7,  2,  12,  37,  8,  1,  3,  0,  3,  3,  69,  52,  52,  56,  83,  99,  20,  100,  28,  7,  1,  3,  8,  10,  5,  4,  6,  5,  31,  0,  2,  0,  0,  7,  19,  7,  28,  6,  24,  23,  24,  16,  39,  48,  30,  5,  18,  12,  28,  10,  13,  20, 1 673, 1 885,  0,  422,  23,  193,-  197,  253, 2 579, 4 252,,C,  638,,,,,,,
1304,Knitted Product Manufacturing,  0,  0,  0,  0,  0,  1,  0,  0,  0,  0,  0,  0,  0,  0,  0,  0,  0,  0,  0,  0,  0,  0,  0,  0,  0,  0,  0,  6,  8,  70,  0,  0,  0,  0,  1,  1,  0,  0,  0,  0,  0,  1,  0,  0,  0,  0,  1,  0,  0,  0,  0,  0,  0,  0,  1,  0,  0,  0,  0,  0,  0,  0,  2,  0,  0,  0,  0,  0,  0,  2,  1,  1,  1,  6,  13,  1,  3,  1,  0,  0,  0,  1,  0,  1,  1,  1,  0,  2,  0,  0,  0,  0,  0,  0,  1,  10,  2,  4,  0,  8,  1,  2,  46,  21,  1,  2,  1,  1,  0,  1,  2,  240,  689,  0,  4,  0,  0,-  86,  27,  635,  875,,C,  4,,,,,,,
1305,Clothing Manufacturing,  9,  1,  8,  2,  4,  3,  6,  19,  8,  8,  10,  9,  7,  7,  2,  9,  2,  2,  4,  6,  6,  10,  3,  2,  5,  1,  5,  35,  8,  139,  15,  1,  3,  1,  6,  11,  1,  2,  0,  11,  2,  12,  2,  4,  0,  3,  3,  1,  5,  3,  0,  14,  3,  7,  18,  3,  1,  3,  7,  3,  2,  10,  14,  16,  2,  4,  3,  2,  4,  14,  10,  10,  25,  95,  62,  9,  28,  10,  5,  2,  10,  7,  12,  13,  3,  5,  4,  18,  1,  2,  0,  0,  4,  3,  5,  20,  6,  18,  28,  44,  25,  20,  109,  67,  6,  15,  12,  12,  7,  6,  22, 1 312, 4 801,  0,  74,  2,  9,-  336,  701, 5 251, 6 563,,C,  86,,,,,,,
1306,Footwear Manufacturing,  1,  0,  1,  1,  1,  1,  1,  2,  1,  0,  1,  1,  0,  1,  0,  1,  0,  0,  1,  0,  1,  1,  1,  0,  1,  0,  7,  114,  0,  8,  23,  0,  0,  0,  1,  2,  0,  0,  0,  1,  0,  1,  0,  0,  0,  1,  1,  0,  1,  0,  0,  2,  0,  1,  2,  0,  1,  1,  1,  0,  0,  1,  1,  1,  1,  1,  2,  0,  0,  4,  2,  2,  3,  12,  4,  1,  3,  1,  1,  0,  1,  2,  1,  2,  1,  2,  0,  6,  0,  0,  0,  0,  0,  0,  1,  6,  1,  4,  1,  3,  2,  2,  13,  7,  2,  4,  3,  3,  5,  1,  2,  306, 1 302,  0,  13,  0,  1,-  19,  74, 1 372, 1 678,,C,  15,,,,,,,
1401,Sawmill Product Manufacturing,  3,  0,  1,  0,  2,  1,  2,  4,  2,  1,  2,  1,  1,  1,  0,  1,  0,  0,  0,  0,  1,  1,  1,  0,  2,  0,  0,  16,  0,  0,  0,  180,  586,  60,  17,  2,  1,  1,  0,  4,  1,  11,  0,  0,  0,  1,  2,  0,  2,  1,  0,  153,  3,  14,  8,  5,  1,  0,  2,  1,  0,  5,  527,  17,  45,  1,  0,  2,  0,  967,  69,  68,  681,  73,  68,  0,  8,  9,  2,  0,  1,  3,  19,  1,  1,  1,  2,  11,  0,  1,  0,  0,  1,  7,  2,  4,  1,  9,  5,  3,  1,  8,  2,  1,  1,  1,  0,  3,  19,  1,  0, 3 749,  62,  0,  51,  2,  11,  238, 1 108, 1 471, 5 221,,C,  64,,,,,,,
1402,Other Wood Product Manufacturing,  7,  2,  4,  4,  17,  12,  12,  43,  22,  15,  29,  11,  4,  2,  0,  11,  3,  2,  3,  2,  2,  4,  9,  2,  5,  0,  1,  13,  0,  2,  0,  42,  365,  5,  40,  40,  5,  5,  0,  52,  5,  49,  1,  6,  1,  3,  9,  3,  15,  5,  0,  131,  8,  28,  31,  59,  11,  13,  9,  7,  3,  21,  322,  24,  3,  5,  0,  27,  1, 1 634,  207,  207, 1 138,  287,  180,  5,  39,  31,  6,  2,  6,  10,  74,  4,  13,  16,  7,  46,  1,  2,  0,  0,  4,  95,  9,  19,  5,  41,  72,  20,  6,  145,  7,  6,  19,  7,  6,  7,  17,  7,  4, 6 007,  431,  0,  627,  17,  77,  635,  228, 2 015, 8 022,,C,  721,,,,,,,
1501,"Pulp, Paper and Paperboard Manufacturing",  1,  1,  6,  0,  1,  0,  1,  9,  4,  2,  8,  2,  23,  18,  2,  60,  8,  3,  17,  5,  16,  18,  22,  20,  41,  0,  0,  2,  0,  1,  0,  4,  20,  53,  536,  512,  1,  19,  1,  18,  5,  31,  1,  1,  1,  11,  11,  2,  7,  2,  0,  6,  1,  3,  4,  1,  0,  2,  4,  3,  1,  4,  9,  2,  1,  2,  2,  0,  1,  45,  32,  31,  15,  163,  57,  7,  41,  15,  5,  4,  24,  18,  4,  439,  3,  2,  22,  86,  1,  19,  0,  0,  4,  3,  6,  75,  6,  37,  168,  6,  17,  6,  5,  4,  15,  1,  1,  2,  2,  8,  11, 2 988,  142,  0,  23,  1,  4,-  77,  226,  318, 3 307,,C,  28,,,,,,,
1502,Paper Stationery and Other Converted Paper Product Manufacturing,  20,  19,  54,  0,  4,  1,  5,  21,  11,  6,  14,  6,  14,  133,  17,  302,  67,  24,  84,  33,  108,  136,  172,  154,  250,  0,  1,  8,  1,  11,  3,  4,  16,  130,  796,  430,  2,  166,  9,  106,  38,  101,  4,  4,  2,  81,  26,  8,  17,  5,  0,  25,  4,  17,  31,  5,  2,  2,  25,  11,  8,  22,  11,  5,  10,  23,  3,  14,  2,  202,  167,  168,  65,  555,  344,  46,  260,  31,  16,  4,  34,  14,  20,  80,  4,  6,  13,  61,  0,  22,  0,  0,  17,  6,  15,  99,  23,  70,  185,  22,  28,  276,  210,  154,  10,  9,  6,  25,  15,  24,  35, 7 187, 1 590,  74,  94,  2,  15,  1,  501, 2 277, 9 464,,C,  111,,,,,,,
1601,Printing (including the reproduction of recorded media),  4,  1,  5,  1,  4,  2,  13,  25,  13,  7,  16,  9,  22,  17,  2,  44,  5,  2,  25,  26,  12,  15,  13,  9,  24,  4,  2,  50,  14,  13,  1,  4,  14,  10,  171,  208,  3,  19,  1,  36,  7,  49,  1,  2,  2,  23,  8,  3,  31,  15,  1,  31,  8,  22,  57,  7,  2,  10,  22,  18,  7,  66,  15,  8,  12,  28,  3,  10,  8,  116,  121,  119,  63, 1 138, 1 463,  38,  303,  41,  2,  6,  10,  95,  15,  219,  45,  61,  87,  439,  8,  107,  0,  0,  63,  17,  79,  497,  190,  301,  595,  140,  103,  384,  48,  50,  120,  83,  60,  40,  25,  70,  68, 8 772,  233,  3,  68,  2,  7,  50,  181,  544, 9 316,,C,  77,,,,,,,
1701,Petroleum and Coal Product Manufacturing,  379,  58,  490,  49,  195,  87,  179, 1 327,  284,  719, 1 090,  329,  572,  18,  5,  31,  17,  4,  16,  14,  15,  25,  18,  10,  26,  1,  2,  8,  1,  4,  1,  39,  48,  29,  50,  44,  395,  23,  2,  707,  37,  316,  7,  18,  14,  79,  34,  15,  202,  73,  15,  68,  20,  42,  80,  24,  8,  11,  21,  18,  4,  63,  17,  7,  90,  122,  8,  316,  102,  335,  312,  517,  839,  331,  123,  39,  91, 4 187,  703,  427, 3 045,  334,  178,  21,  15,  11,  22,  475,  1,  11,  0,  1,  43,  35,  45,  174,  30,  114,  66,  379,  127,  53,  111,  56,  9,  26,  19,  205,  60,  26,  39, 22 777, 7 008,  1,  513,  6,  37,  275, 2 921, 10 762, 33 539,,C,  556,,,,,,,
1801,Human Pharmaceutical and Medicinal Product Manufacturing,  63,  5,  24,  0,  2,  1,  3,  12,  6,  3,  16,  3,  7,  3,  1,  5,  2,  2,  2,  2,  4,  7,  2,  1,  3,  0,  0,  2,  0,  2,  0,  3,  5,  4,  21,  6,  5,  99,  29,  165,  34,  27,  0,  9,  0,  2,  6,  6,  17,  7,  0,  32,  3,  10,  18,  3,  1,  1,  7,  2,  1,  6,  3,  2,  1,  3,  0,  12,  0,  11,  13,  13,  21,  81,  35,  6,  29,  8,  5,  1,  5,  2,  4,  9,  2,  3,  2,  10,  0,  2,  1,  1,  4,  7,  7,  49,  6,  29,  8,  9,  6,  22,  358,  92,  3,  37,  28,  11,  7,  6,  8, 1 698, 4 457, 4 019,  203,  6,  36,  36, 1 997, 10 755, 12 453,,C,  246,,,,,,,
1802,Veterinary Pharmaceutical and Medicinal Product Manufacturing,  341,  24,  128,  0,  0,  0,  9,  0,  0,  0,  0,  0,  0,  0,  0,  0,  0,  0,  0,  0,  0,  2,  0,  0,  0,  0,  0,  0,  0,  0,  0,  0,  0,  0,  5,  0,  0,  5,  161,  7,  1,  1,  0,  0,  0,  0,  0,  0,  0,  0,  0,  0,  0,  0,  0,  0,  0,  0,  0,  0,  0,  0,  0,  0,  0,  0,  0,  0,  0,  1,  1,  1,  2,  1,  0,  0,  2,  0,  0,  5,  0,  0,  0,  0,  4,  6,  0,  0,  0,  0,  0,  0,  2,  0,  1,  11,  4,  15,  0,  0,  1,  24,  70,  14,  7,  199,  154,  0,  0,  7,  1, 1 223,  127,  0,  7,  0,  2,  7,  465,  607, 1 830,,C,  9,,,,,,,
1803,Basic Chemical Manufacturing,  503,  32,  518,  3,  78,  11,  231,  290,  62,  116,  300,  99,  71,  13,  6,  60,  13,  8,  17,  26,  45,  58,  48,  15,  35,  5,  23,  66,  16,  28,  13,  54,  104,  83,  293,  131,  226,  279,  24, 2 979,  282, 2 907,  61,  123,  21,  64,  90,  101,  89,  76,  2,  115,  25,  90,  217,  39,  13,  36,  156,  169,  21,  55,  74,  80,  25,  61,  5,  247,  5,  236,  463,  463,  688,  341,  139,  29,  107,  88,  21,  4,  26,  13,  56,  16,  22,  32,  18,  56,  0,  21,  0,  1,  55,  58,  60,  259,  65,  219,  87,  137,  49,  75,  348,  122,  19,  42,  32,  73,  59,  101,  37, 16 971, 1 119,  0,  367,  15,  70,  347, 1 560, 3 478, 20 449,,C,  452,,,,,,,
1804,Cleaning Compounds and Toiletry Preparation Manufacturing,  12,  1,  6,  0,  3,  1,  7,  7,  3,  2,  15,  2,  4,  7,  1,  13,  3,  1,  1,  3,  4,  5,  6,  1,  3,  0,  0,  2,  0,  1,  0,  3,  8,  7,  15,  19,  20,  18,  3,  207,  37,  76,  1,  12,  1,  2,  7,  7,  8,  6,  0,  4,  2,  7,  12,  1,  0,  1,  4,  2,  1,  3,  4,  3,  3,  7,  1,  27,  1,  14,  12,  12,  22,  79,  42,  69,  169,  6,  2,  0,  4,  2,  4,  2,  1,  2,  3,  10,  0,  1,  0,  0,  11,  5,  30,  84,  10,  269,  9,  10,  9,  18,  35,  26,  2,  4,  3,  15,  4,  23,  12, 1 686, 1 956,  56,  82,  2,  15,  20,  339, 2 470, 4 156,,C,  99,,,,,,,
1901,Polymer Product Manufacturing,  40,  12,  78,  7,  23,  18,  22,  117,  23,  46,  98,  40,  28,  60,  23,  627,  112,  57,  61,  74,  128,  149,  418,  29,  75,  3,  4,  81,  10,  23,  9,  16,  146,  17,  282,  529,  41,  247,  13,  636,  166, 1 064,  32,  17,  7,  13,  24,  33,  95,  27,  2,  91,  29,  62, 1 002,  43,  11,  121,  161,  72,  34,  153,  182,  119,  7,  18,  3,  103,  3, 1 062,  753,  782, 1 118,  607,  343,  62,  277,  398,  16,  6,  120,  106,  147,  49,  10,  13,  66,  348,  1,  8,  0,  0,  31,  337,  38,  164,  35,  150,  155,  179,  31,  81,  69,  35,  16,  21,  11,  263,  94,  51,  23, 16 192, 2 024,  6, 1 049,  32,  102,  451, 1 071, 4 735, 20 927,,C, 1 183,,,,,,,
1902,Natural Rubber Product Manufacturing,  2,  0,  2,  3,  0,  3,  1,  14,  7,  2,  14,  2,  1,  0,  0,  1,  0,  0,  0,  0,  1,  0,  0,  0,  0,  0,  0,  1,  0,  0,  1,  0,  1,  1,  4,  5,  0,  0,  0,  6,  0,  30,  6,  0,  0,  0,  1,  0,  3,  4,  0,  2,  3,  3,  83,  2,  2,  1,  8,  2,  4,  42,  6,  4,  6,  13,  0,  4,  1,  12,  27,  26,  23,  28,  11,  6,  25,  6,  1,  0,  1,  5,  3,  0,  0,  0,  4,  23,  0,  0,  0,  0,  1,  1,  1,  13,  5,  12,  66,  94,  8,  3,  8,  4,  0,  0,  0,  14,  13,  1,  6,  761,  40,  1,  55,  1,  3,  15,  58,  173,  934,,C,  59,,,,,,,
2001,Glass and Glass Product Manufacturing,  2,  0,  1,  0,  1,  1,  1,  12,  3,  4,  8,  1,  4,  2,  1,  2,  58,  6,  4,  1,  4,  19,  89,  42,  199,  0,  1,  3,  0,  4,  1,  1,  20,  0,  3,  2,  0,  34,  8,  33,  14,  11,  0,  181,  1,  0,  1,  2,  2,  3,  0,  162,  1,  5,  211,  9,  5,  20,  4,  8,  9,  24,  41,  3,  1,  2,  1,  4,  0,  76,  47,  48,  51,  166,  24,  13,  46,  11,  4,  0,  0,  1,  5,  0,  2,  3,  1,  6,  0,  3,  0,  0,  2,  13,  2,  12,  1,  6,  12,  6,  3,  9,  26,  8,  8,  6,  13,  84,  13,  2,  4, 2 037,  431,  0,  43,  1,  4,  33,  177,  689, 2 726,,C,  48,,,,,,,
2002,Ceramic Product Manufacturing,  1,  0,  1,  0,  1,  1,  14,  2,  0,  1,  3,  1,  1,  0,  0,  4,  0,  0,  0,  0,  1,  1,  0,  0,  1,  0,  0,  0,  0,  0,  0,  0,  1,  2,  4,  1,  1,  2,  0,  8,  1,  29,  0,  7,  6,  93,  39,  7,  19,  6,  1,  37,  3,  38,  9,  0,  2,  0,  16,  38,  2,  20,  3,  0,  2,  4,  0,  6,  0,  324,  43,  44,  223,  10,  8,  6,  31,  1,  0,  0,  0,  3,  1,  1,  0,  1,  3,  15,  0,  0,  0,  0,  3,  21,  2,  6,  1,  4,  3,  3,  2,  9,  10,  22,  1,  1,  1,  1,  3,  6,  4, 1 262,  475,  0,  28,  1,  6,  105,  73,  689, 1 950,,C,  35,,,,,,,
2003,"Cement, Lime and Ready-Mixed Concrete Manufacturing",  4,  1,  4,  0,  20,  1,  8,  11,  3,  3,  22,  2,  13,  1,  0,  2,  1,  0,  0,  1,  1,  3,  0,  0,  1,  0,  0,  1,  0,  0,  0,  3,  2,  4,  10,  4,  11,  9,  0,  123,  14,  32,  1,  15,  22, 1 307,  324,  54,  56,  21,  1,  12,  2,  8,  24,  2,  1,  2,  6,  2,  4,  20,  2,  1,  10,  22,  1,  98,  1, 1 095,  806,  803, 1 398,  13,  20,  1,  5,  3,  1,  0,  2,  1,  3,  1,  0,  1,  1,  6,  0,  1,  0,  1,  3,  34,  3,  20,  5,  16,  6,  3,  6,  3,  3,  7,  1,  1,  1,  5,  9,  6,  8, 6 638,  39,  1,  60,  1,  11,  418,  61,  591, 7 229,,C,  73,,,,,,,
2004,Plaster and Concrete Product Manufacturing,  1,  0,  1,  0,  17,  1,  7,  9,  3,  4,  11,  1,  1,  0,  0,  1,  0,  0,  0,  0,  1,  1,  0,  0,  0,  0,  0,  1,  0,  0,  0,  1,  31,  0,  5,  2,  1,  1,  0,  11,  0,  16,  0,  9,  23,  144,  272,  43,  9,  4,  0,  34,  1,  3,  15,  1,  1,  2,  4,  1,  1,  16,  13,  2,  29,  67,  3,  4,  0, 1 090,  323,  326,  939,  31,  13,  2,  13,  1,  1,  0,  1,  1,  1,  1,  1,  1,  1,  6,  0,  1,  0,  0,  4,  31,  2,  8,  1,  6,  27,  4,  3,  5,  3,  2,  1,  1,  1,  2,  5,  7,  1, 3 703,  16,  1,  56,  1,  6,  11,  79,  170, 3 873,,C,  63,,,,,,,
2005,Other Non-Metallic Mineral Product Manufacturing,  3,  1,  6,  1,  11,  2,  5,  11,  5,  5,  6,  2,  4,  0,  0,  2,  0,  0,  0,  1,  3,  1,  0,  0,  0,  0,  0,  1,  0,  0,  0,  1,  9,  2,  3,  1,  0,  1,  0,  9,  1,  22,  0,  27,  33,  38,  29,  27,  11,  5,  0,  22,  3,  12,  36,  5,  3,  3,  9,  2,  1,  12,  6,  3,  3,  6,  0,  9,  1,  324,  180,  184,  341,  60,  19,  1,  7,  2,  1,  0,  0,  1,  2,  1,  0,  1,  1,  7,  0,  0,  0,  0,  18,  36,  2,  12,  1,  15,  4,  4,  3,  3,  2,  4,  1,  1,  0,  2,  3,  36,  3, 1 710,  38,  0,  21,  0,  2,  24,  90,  176, 1 886,,C,  24,,,,,,,
2101,Iron and Steel Manufacturing,  4,  1,  3,  2,  9,  5,  6,  149,  70,  40,  73,  16,  183,  2,  1,  3,  1,  0,  2,  4,  2,  3,  3,  4,  2,  1,  1,  24,  1,  1,  1,  3,  59,  3,  6,  6,  26,  7,  0,  29,  3,  38,  0,  8,  2,  39,  55,  8, 3 390,  159,  100, 2 379,  589, 1 161, 1 366,  127,  42,  195,  260,  211,  281, 1 565,  404,  129,  9,  21,  21,  59,  1,  767, 1 005, 1 003, 1 109,  218,  74,  4,  19,  12,  40,  2,  4,  8,  17,  2,  4,  6,  4,  34,  0,  1,  0,  0,  7,  174,  11,  25,  7,  16,  23,  36,  5,  27,  12,  7,  6,  5,  4,  53,  199,  9,  5, 18 341,  105,  0,  560,  20,  81,  352, 2 394, 3 511, 21 853,,C,  661,,,,,,,
2102,Basic Non-Ferrous Metal Manufacturing,  4,  1,  3,  1,  2,  2,  2,  15,  9,  6,  38,  5,  8,  3,  1,  21,  2,  1,  2,  2,  6,  6,  3,  8,  3,  0,  1,  25,  0,  3,  0,  4,  41,  3,  39,  47,  21,  15,  1,  178,  27,  131,  2,  47,  1,  3,  17,  8, 1 043, 7 550,  24,  815,  535,  545,  484,  95,  8,  235,  464,  999,  44,  239,  177,  137,  4,  9,  1,  46,  0,  223,  90,  90,  141,  997,  47,  9,  36,  9,  6,  1,  5,  13,  6,  2,  1,  3,  6,  56,  0,  2,  0,  1,  13,  68,  7,  33,  4,  20,  22,  22,  4,  15,  17,  16,  2,  4,  4,  23,  66,  23,  3, 16 332,  159,  0,  456,  18,  91,  501, 33 521, 34 746, 51 078,,C,  566,,,,,,,
2201,Forged Iron and Steel Product Manufacturing,  0,  0,  0,  0,  0,  0,  0,  13,  5,  5,  4,  1,  21,  0,  0,  0,  0,  0,  0,  0,  0,  0,  0,  0,  0,  0,  0,  0,  0,  0,  0,  0,  1,  0,  0,  0,  0,  0,  0,  1,  0,  1,  0,  0,  0,  0,  6,  0,  30,  12,  1,  60,  8,  11,  70,  19,  13,  1,  4,  7,  2,  68,  9,  2,  1,  2,  0,  3,  0,  7,  11,  11,  11,  14,  8,  0,  1,  0,  7,  0,  0,  1,  1,  0,  0,  0,  1,  4,  0,  0,  0,  0,  0,  8,  1,  2,  1,  1,  0,  1,  0,  1,  0,  0,  0,  0,  0,  2,  8,  0,  0,  489,  4,  0,  13,  0,  2,  25,  50,  95,  584,,C,  16,,,,,,,
2202,Structural Metal Product Manufacturing,  15,  4,  9,  7,  30,  20,  23,  258,  124,  102,  242,  63,  161,  3,  3,  6,  13,  2,  5,  2,  4,  14,  34,  35,  23,  0,  0,  5,  0,  2,  2,  2,  146,  50,  6,  3,  3,  11,  1,  23,  4,  111,  0,  15,  6,  11,  96,  52,  168,  61,  3, 1 415,  70,  307,  218,  76,  106,  15,  65,  142,  25,  418,  68,  47,  17,  36,  4,  110,  1, 2 522, 1 237, 1 234, 1 125,  147,  93,  10,  57,  42,  275,  6,  7,  27,  42,  2,  13,  16,  15,  123,  1,  7,  0,  2,  16,  233,  40,  32,  5,  40,  34,  45,  7,  184,  21,  10,  25,  22,  10,  67,  70,  10,  6, 13 004,  316,  0, 1 041,  47,  84,  692,  386, 2 568, 15 572,,C, 1 173,,,,,,,
2203,Metal Containers and Other Sheet Metal Product manufacturing,  6,  1,  3,  2,  8,  7,  5,  40,  15,  10,  35,  5,  15,  5,  8,  13,  25,  3,  8,  2,  6,  39,  122,  70,  14,  0,  0,  2,  0,  1,  0,  1,  21,  2,  17,  11,  3,  22,  1,  30,  4,  78,  0,  1,  0,  3,  3,  3,  46,  22,  1,  104,  41,  47,  174,  10,  6,  10,  28,  20,  27,  158,  32,  11,  4,  8,  4,  34,  0,  317,  175,  175,  169,  96,  98,  12,  62,  54,  20,  2,  4,  46,  21,  4,  7,  10,  26,  206,  0,  1,  0,  0,  5,  57,  9,  26,  6,  20,  16,  49,  5,  22,  21,  10,  9,  11,  8,  30,  23,  5,  5, 3 301,  386,  0,  865,  92,  102,-  9,  194, 1 630, 4 931,,C, 1 059,,,,,,,
2204,Other Fabricated Metal Product manufacturing,  36,  3,  19,  12,  47,  41,  25,  182,  77,  32,  106,  26,  36,  10,  2,  11,  4,  1,  3,  4,  8,  8,  6,  12,  8,  0,  1,  20,  2,  2,  1,  7,  56,  11,  18,  17,  4,  28,  2,  95,  8,  91,  3,  4,  7,  5,  11,  9,  146,  39,  3,  474,  96,  248,  360,  46,  19,  20,  63,  64,  26,  257,  130,  19,  17,  36,  7,  213,  2,  523,  471,  472,  428,  191,  164,  15,  80,  49,  25,  15,  23,  43,  53,  23,  43,  58,  27,  194,  2,  7,  0,  1,  18,  74,  35,  114,  30,  68,  66,  389,  24,  68,  42,  26,  28,  41,  30,  86,  85,  16,  25, 7 581,  944,  0, 1 770,  99,  169,  166,  648, 3 796, 11 377,,C, 2 038,,,,,,,
2301,Motor Vehicles and Parts; Other Transport Equipment manufacturing,  28,  5,  22,  9,  27,  23,  23,  69,  33,  20,  60,  25,  26,  5,  1,  10,  3,  1,  4,  6,  10,  7,  7,  9,  7,  0,  0,  5,  0,  2,  0,  3,  10,  2,  10,  9,  2,  5,  0,  11,  3,  20,  0,  14,  1,  8,  6,  4,  23,  10,  1,  30,  8,  13, 4 706,  39,  10,  10,  32,  26,  31,  147,  23,  31,  10,  19,  2,  23,  2,  157,  125,  123,  181,  323,  329,  13,  84, 1 443,  64,  9,  105,  66,  285,  5,  8,  11,  37,  301,  0,  5,  0,  1,  15,  14,  27,  106,  21,  112,  22,  152,  17,  101,  18,  14,  8,  12,  8, 3 239,  132,  16,  15, 13 477, 13 940,  4, 16 511,  617, 1 472,-  3, 3 501, 36 043, 49 520,,C, 18 600,,,,,,,
2302,Ships and Boat Manufacturing,  1,  0,  1,  9,  1,  28,  11,  9,  3,  3,  6,  1,  3,  2,  1,  2,  1,  0,  1,  1,  2,  3,  1,  0,  1,  0,  0,  1,  0,  1,  0,  1,  3,  1,  3,  3,  1,  1,  0,  4,  0,  25,  0,  0,  0,  3,  0,  0,  3,  2,  0,  4,  1,  3,  12,  244,  1,  12,  2,  1,  0,  24,  1,  8,  1,  2,  0,  1,  0,  40,  26,  26,  21,  203,  17,  1,  8,  4,  3,  239,  4,  2,  27,  8,  1,  2,  1,  7,  0,  2,  0,  1,  5,  3,  14,  17,  3,  21,  5,  848,  6,  3,  3,  2,  1,  3,  2,  12,  5,  3,  7, 2 065,  285,  4,  941,  64,  699,-  41,  314, 2 265, 4 330,,C, 1 703,,,,,,,
2303,Railway Rolling Stock Manufacturing,  0,  0,  0,  0,  1,  0,  0,  136,  7,  0,  2,  8,  25,  0,  0,  0,  0,  0,  0,  0,  0,  0,  0,  0,  0,  0,  0,  0,  0,  0,  0,  0,  0,  0,  0,  0,  0,  0,  0,  0,  0,  1,  0,  0,  0,  0,  0,  0,  2,  0,  0,  0,  0,  2,  3,  0,  287,  0,  2,  2,  0,  10,  1,  0,  0,  1,  0,  0,  0,  2,  1,  78,  2,  2,  3,  0,  3,  4,  673,  4,  0,  1,  10,  0,  0,  0,  0,  2,  0,  0,  0,  0,  0,  0,  1,  3,  1,  2,  0,  1,  0,  1,  3,  1,  0,  0,  0,  4,  4,  0,  0, 1 308,  13,  0,  322,  5,  20,  56,  61,  477, 1 785,,C,  347,,,,,,,
2304,Aircraft Manufacturing,  4,  0,  2,  0,  1,  1,  36,  75,  40,  5,  6,  7,  13,  0,  0,  2,  0,  0,  0,  0,  0,  0,  0,  0,  1,  0,  0,  0,  0,  0,  0,  0,  0,  1,  1,  0,  0,  0,  0,  0,  0,  2,  0,  0,  0,  0,  0,  0,  4,  0,  0,  1,  0,  0,  7,  5,  0,  508,  1,  1,  0,  2,  0,  0,  1,  1,  0,  0,  0,  15,  13,  12,  14,  112,  55,  1,  10,  2,  68,  10, 1 586,  1,  357,  0,  3,  4,  1,  6,  0,  1,  0,  1,  4,  3,  10,  16,  5,  119,  3,  138,  3,  11,  1,  2,  1,  3,  2,  6,  4,  16,  3, 3 356,  58,  3, 1 606,  12, 1 330,-  184,  360, 3 185, 6 541,,C, 2 949,,,,,,,
2401,"Professional, Scientific, Computer and Electronic Equipment Manufacturing",  21,  3,  11,  7,  37,  21,  22,  65,  29,  39,  63,  13,  43,  4,  2,  11,  2,  1,  3,  3,  11,  13,  24,  6,  12,  0,  0,  4,  0,  6,  1,  3,  9,  2,  14,  52,  3,  8,  4,  14,  2,  27,  0,  4,  2,  5,  4,  1,  34,  9,  1,  73,  14,  37,  262,  250,  44,  239,  705,  344,  34,  313,  23,  32,  25,  56,  7,  81,  7,  193,  251,  252,  525,  357,  89,  29,  150,  84,  13,  14,  55,  189,  313,  26,  146,  222,  132,  891,  7,  62,  1,  15,  38,  35,  70, 1 015,  215,  412,  141,  259,  69,  471, 1 649,  276,  139,  219,  168,  229,  552,  59,  63, 13 318, 4 818,  5, 6 651,  261,  732,  268, 2 084, 14 819, 28 137,,C, 7 644,,,,,,,
2403,Electrical Equipment Manufacturing,  14,  2,  14,  5,  30,  16,  12,  55,  21,  15,  29,  13,  6,  5,  1,  29,  1,  0,  3,  3,  8,  5,  8,  6,  14,  0,  0,  3,  0,  2,  0,  1,  5,  15,  18,  6,  2,  3,  0,  9,  1,  50,  3,  2,  0,  4,  2,  1,  28,  11,  2,  39,  13,  22,  113,  85,  23,  34,  221,  383,  151,  499,  9,  8,  219,  458,  15,  27,  2,  211,  650,  646,  434,  233,  105,  12,  63,  157,  6,  2,  7,  81,  46,  5,  27,  39,  56,  593,  1,  11,  0,  0,  11,  32,  12,  169,  57,  67,  53,  44,  17,  50,  35,  21,  23,  41,  33,  202,  189,  11,  21, 7 278,  766,  0, 1 654,  71,  312,  271,  971, 4 046, 11 324,,C, 2 037,,,,,,,
2404,Domestic Appliance Manufacturing,  3,  1,  3,  2,  4,  5,  4,  20,  7,  4,  13,  6,  4,  2,  1,  4,  1,  0,  0,  1,  1,  1,  1,  2,  2,  0,  0,  0,  0,  0,  0,  0,  1,  0,  1,  2,  1,  1,  0,  2,  0,  2,  0,  1,  0,  1,  1,  0,  2,  1,  0,  3,  1,  2,  60,  10,  2,  1,  16,  11,  19,  78,  2,  1,  4,  6,  0,  4,  0,  26,  71,  36,  44,  18,  18,  3,  18,  25,  3,  1,  1,  4,  5,  1,  1,  2,  3,  19,  0,  2,  0,  0,  2,  34,  4,  19,  4,  8,  6,  13,  2,  7,  4,  2,  1,  3,  3,  35,  56,  1,  2,  836, 2 765,  0,  894,  60,  64,-  142,  223, 3 864, 4 701,,C, 1 018,,,,,,,
2405,Specialised and other Machinery and Equipment Manufacturing,  116,  11,  60,  30,  169,  85,  86,  503,  233,  105,  424,  185,  129,  24,  7,  44,  12,  5,  7,  19,  26,  31,  108,  29,  53,  5,  5,  20,  3,  19,  9,  18,  36,  12,  29,  54,  15,  20,  3,  52,  7,  61,  1,  11,  4,  43,  19,  7,  85,  38,  3,  96,  26,  78,  519,  171,  46,  37,  121,  145,  98,  554,  21,  13,  78,  85,  10,  98,  7,  199,  288,  280,  305,  399,  173,  40,  224,  371,  43,  18,  24,  51,  170,  36,  11,  15,  33,  240,  1,  52,  7,  3,  44,  45,  54,  329,  52,  179,  76,  226,  47,  147,  75,  40,  11,  50,  13,  619,  527,  32,  38, 10 874, 2 297,  0, 11 797,  211,  396,-  88, 1 896, 16 509, 27 383,,C, 12 404,,,,,,,
2501,Furniture Manufacturing,  2,  0,  2,  2,  4,  5,  3,  14,  6,  4,  12,  3,  4,  1,  0,  4,  1,  0,  1,  2,  4,  2,  5,  6,  2,  0,  0,  7,  0,  2,  0,  1,  20,  1,  2,  1,  0,  2,  0,  6,  1,  10,  0,  0,  1,  1,  1,  2,  11,  4,  0,  28,  6,  22,  72,  14,  2,  1,  7,  4,  2,  20,  72,  7,  1,  3,  0,  21,  1,  241,  88,  88,  184,  53,  92,  19,  55,  8,  3,  1,  2,  7,  5,  2,  5,  8,  5,  32,  0,  1,  0,  0,  4,  19,  7,  22,  5,  13,  44,  40,  4,  102,  11,  7,  8,  8,  4,  8,  7,  5,  5, 1 669, 3 847,  0, 1 063,  107,  748,-  201,  129, 5 693, 7 362,,C, 1 918,,,,,,,
2502,Other Manufactured Products,  6,  3,  9,  2,  3,  5,  3,  12,  6,  9,  15,  3,  4,  3,  1,  11,  2,  4,  4,  17,  6,  9,  6,  4,  7,  0,  1,  10,  1,  7,  1,  2,  13,  2,  9,  6,  1,  5,  1,  18,  2,  28,  1,  1,  0,  2,  2,  2,  20,  17,  0,  15,  3,  5,  25,  11,  4,  1,  9,  11,  4,  24,  12,  8,  6,  15,  1,  8,  1,  80,  64,  63,  139,  80,  83,  21,  118,  24,  7,  0,  4,  7,  10,  2,  10,  13,  4,  44,  1,  4,  0,  0,  3,  9,  5,  97,  9,  24,  15,  25,  8,  108,  35,  34,  17,  100,  18,  29,  16,  26,  10, 1 835, 1 819,  0,  300,  15,  39,-  136,  622, 2 658, 4 493,,C,  353,,,,,,,
2601,Electricity Generation,  50,  8,  36,  1,  2,  3,  7,  259,  131,  97,  291,  22,  3,  64,  3,  89,  11,  6,  27,  13,  31,  28,  11,  20,  16,  1,  1,  11,  2,  3,  1,  15,  48,  37,  75,  27,  18,  19,  1,  102,  5,  93,  1,  22,  7,  137,  20,  17,  369,  213,  9,  27,  9,  29,  120,  8,  3,  17,  67,  21,  6,  58,  10,  5,  841, 1 674,  5,  159,  4,  39,  117,  117,  65,  186,  206,  62,  328,  34,  84,  4,  8,  31,  315,  11,  20,  27,  24,  134,  2,  26,  2,  2,  39,  39,  76,  402,  51,  315,  159,  33,  53,  410,  74,  69,  18,  39,  30,  125,  60,  42,  39, 9 461, 4 447,  0,  229,  128,  24,  0,  29, 4 857, 14 318,,D,  381,,,,,,,
2605,"Electricity Transmission, Distribution, On Selling and Electricity Market Operation",  49,  7,  36,  1,  2,  3,  9,  229,  226,  99,  271,  27,  3,  56,  4,  87,  12,  8,  25,  18,  67,  27,  20,  21,  16,  1,  1,  10,  1,  3,  1,  14,  43,  40,  78,  25,  27,  19,  1,  121,  5,  84,  1,  48,  26,  133,  70,  19,  358,  220,  8,  26,  9,  27,  115,  8,  2,  14,  60,  19,  6,  53,  11,  5,  872, 1 524,  5,  138,  4,  33,  102,  101,  55,  242,  207,  63,  337,  31,  84,  4,  8,  31,  282,  11,  18,  24,  23,  135,  2,  24,  2,  3,  37,  42,  76,  369,  47,  286,  167,  48,  49,  368,  73,  71,  16,  35,  27,  112,  53,  39,  36, 9 351, 3 618,  0, 1 976, 1 191,  181,-  4,  27, 6 990, 16 342,,D, 3 349,,,,,,,
2701,Gas Supply,  6,  1,  4,  0,  0,  0,  7,  9,  272,  29,  30,  2,  0,  2,  3,  26,  7,  7,  4,  18,  11,  6,  27,  10,  5,  1,  1,  1,  0,  1,  0,  2,  6,  20,  35,  4,  24,  6,  0,  86,  2,  9,  1,  74,  53,  35,  133,  11,  93,  96,  2,  6,  2,  6,  25,  2,  1,  0,  5,  3,  1,  6,  4,  2,  299,  46,  0,  2,  0,  1,  2,  2,  5,  193,  66,  23,  129,  2,  4,  1,  2,  9,  14,  2,  1,  2,  6,  44,  0,  2,  0,  0,  5,  18,  9,  45,  5,  25,  12,  1,  5,  27,  22,  27,  1,  2,  2,  7,  3,  4,  6, 2 335,  352,  0,  2,  1,  0,  8,  1,  364, 2 699,,D,  3,,,,,,,
2801,"Water Supply, Sewerage and Drainage Services ",  360,  49,  299,  1,  2,  3,  17,  22,  4,  45,  77,  6,  1,  28,  3,  29,  13,  3,  16,  4,  16,  23,  10,  37,  7,  3,  1,  15,  2,  1,  0,  1,  11,  16,  28,  10,  13,  18,  1,  76,  8,  32,  0,  3,  1,  19,  7,  2,  74,  7,  2,  6,  1,  5,  77,  2,  0,  0,  12,  5,  3,  25,  4,  2,  22,  70,  5,  426,  5,  309,  67,  68,  174,  138,  49,  57,  305,  220,  11,  5,  4,  13,  207,  10,  7,  10,  17,  295,  1,  13,  8,  10,  127,  208,  310,  954,  42,  412,  140,  42,  97,  52,  81,  46,  10,  16,  12,  89,  35,  47,  47, 6 865, 4 296,  475,  273,  152,  29,  0,  11, 5 236, 12 100,,D,  453,,,,,,,
2901,"Waste Collection, Treatment and Disposal Services",  1,  0,  0,  0,  0,  0,  0,  13,  3,  9,  6,  6,  2,  1,  0,  1,  1,  1,  1,  1,  2,  1,  2,  1,  5,  0,  0,  1,  0,  1,  1,  1,  2,  5,  2,  1,  1,  4,  0,  6,  1,  8,  0,  3,  0,  3,  1,  1,  8,  8,  0,  3,  1,  1,  7,  1,  1,  3,  2,  2,  1,  3,  1,  1,  5,  14,  3,  26,  0,  465,  317,  315,  566,  56,  30,  5,  14,  4,  2,  1,  4,  2,  7,  2,  2,  2,  3,  16,  0,  2,  1,  2,  7,  15,  22,  16,  3,  27,  9,  7,  6,  4,  29,  7,  6,  10,  3,  10,  5,  2,  2, 2 201,  380,  344,  97,  10,  23,  0,  0,  854, 3 055,,D,  130,,,,,,,
3001,Residential Building Construction,  26,  4,  12,  0,  3,  1,  40,  53,  29,  40,  49,  32,  35,  4,  0,  3,  1,  1,  2,  2,  4,  5,  2,  1,  7,  0,  0,  1,  0,  1,  0,  2,  5,  1,  6,  5,  11,  5,  0,  5,  1,  8,  0,  1,  0,  4,  1,  1,  23,  7,  1,  7,  2,  3,  17,  2,  1,  2,  6,  2,  1,  4,  1,  0,  44,  91,  12,  62,  1,  980,  723,  721, 1 661,  342,  134,  22,  86,  25,  41,  3,  16,  11,  78,  8,  9,  11,  24,  180,  1,  42,  6,  26,  59,  92,  263,  433,  47,  154,  150,  59,  27,  17,  23,  14,  9,  15,  12,  28,  30,  15,  12, 7 314,  281,  20, 46 086,  721, 1 688,  0,  124, 48 920, 56 234,,E, 48 496,,,,,,,
3002,Non-Residential Building Construction,  37,  8,  15,  0,  2,  1,  32,  84,  39,  77,  95,  58,  22,  2,  0,  2,  1,  1,  1,  1,  2,  3,  2,  1,  4,  0,  0,  1,  0,  0,  0,  2,  4,  1,  4,  4,  26,  3,  0,  3,  1,  5,  0,  1,  0,  3,  1,  0,  14,  7,  1,  4,  1,  2,  10,  1,  0,  1,  4,  1,  1,  3,  0,  0,  30,  62,  9,  38,  1,  633,  471,  483,  998,  251,  85,  38,  118,  19,  81,  3,  11,  7,  88,  5,  5,  7,  16,  112,  0,  26,  4,  16,  39,  254,  235,  280,  31,  98,  209,  133,  18,  12,  16,  10,  6,  10,  7,  18,  19,  10,  8, 5 630,  176,  97, 31 143,  583, 5 643,  0,  85, 37 727, 43 357,,E, 37 369,,,,,,,
3101,Heavy and Civil Engineering Construction,  75,  5,  43,  0,  3,  1,  29,  90,  39,  94,  96,  147,  23,  2,  0,  2,  1,  1,  2,  1,  3,  3,  2,  1,  4,  0,  0,  1,  0,  0,  0,  2,  4,  1,  4,  3,  31,  3,  0,  4,  1,  6,  0,  1,  0,  3,  1,  0,  15,  5,  1,  5,  1,  2,  11,  2,  1,  2,  4,  1,  1,  3,  0,  0,  43,  88,  11,  56,  1,  805,  587,  584, 1 377,  246,  90,  10,  43,  15,  193,  5,  11,  7,  61,  5,  5,  7,  18,  137,  0,  25,  4,  15,  35,  41,  188,  259,  28,  92,  498,  364,  19,  11,  18,  10,  5,  9,  7,  17,  18,  11,  9, 6 875,  168, 2 622, 18 908, 7 755, 7 359,  0,  71, 36 883, 43 758,,E, 34 022,,,,,,,
3201,Construction Services,  284,  84,  105,  4,  42,  12,  117,  577,  321,  680,  715,  415,  197,  25,  5,  43,  14,  12,  23,  21,  57,  26,  33,  19,  42,  1,  3,  10,  2,  6,  3,  61,  79,  9,  38,  26,  214,  18,  1,  46,  17,  87,  3,  11,  3,  38,  12,  8,  125,  98,  2,  45,  13,  21,  132,  32,  9,  19,  59,  18,  9,  50,  13,  15,  531, 1 063,  106,  835,  2, 13 058, 9 091, 9 188, 21 501, 1 851,  589,  261,  704,  82,  500,  17,  51,  20,  425,  149,  17,  21,  208, 1 719,  2,  27,  11,  31,  60, 2 064, 1 101, 1 238,  100,  408, 1 092,  848,  68,  80,  62,  36,  19,  19,  18,  67,  78,  22,  20, 74 684,  420,  87, 20 078, 3 575, 2 845,  0,  592, 27 598, 102 283,,E, 26 499,,,,,,,
3301,Wholesale Trade, 1 017,  122,  767,  58,  290,  131,  331,  924,  332,  432,  777,  262,  392,  477,  116,  760,  270,  70,  184,  241,  380,  430,  188,  144,  359,  36,  41,  161,  18,  185,  25,  187,  366,  102,  305,  342,  260,  233,  35, 1 151,  127,  944,  23,  55,  15,  212,  95,  42,  471,  547,  16,  506,  137,  245, 2 448,  265,  63,  209,  672,  393,  128,  706,  289,  98,  163,  294,  27,  404,  54, 1 680, 1 210, 1 256, 1 992, 2 687, 1 562,  273, 1 537, 2 532,  344,  215,  933,  580,  739,  172,  195,  350,  323, 2 349,  10,  275,  31,  141,  246,  306,  430, 2 284,  529, 1 168,  703,  801,  307, 1 603, 1 273,  552,  328,  468,  238, 1 819,  735,  236,  193, 58 153, 29 754,  390, 21 123,  572, 2 522,-  32, 12 115, 66 445, 124 598,,F, 24 217,,,,,,,
3901,Retail Trade,  214,  27,  200,  16,  110,  31,  80,  156,  89,  92,  124,  65,  74,  141,  23,  151,  52,  17,  47,  114,  104,  142,  64,  34,  80,  6,  9,  44,  46,  206,  8,  50,  92,  16,  72,  82,  42,  59,  7,  212,  30,  161,  4,  19,  4,  55,  24,  11,  89,  77,  3,  116,  29,  52,  466,  52,  13,  48,  126,  64,  23,  130,  75,  45,  40,  84,  8,  89,  15,  460,  328,  319,  610, 1 190, 1 231,  167,  989,  930,  60,  55,  253,  142,  299,  144,  70,  70,  83,  586,  4,  131,  11,  40,  134,  111,  279,  670,  107,  497,  163,  197,  118,  345,  375,  238,  67,  127,  86,  321,  152,  83,  72, 17 463, 61 243, 1 323, 3 827,  112,  430,  56, 3 396, 70 388, 87 851,,G, 4 370,,,,,,,
4401,Accommodation,  75,  2,  26,  0,  2,  1,  4,  24,  13,  8,  7,  5,  43,  8,  2,  4,  1,  2,  8,  6,  21,  15,  41,  28,  50,  0,  0,  2,  0,  2,  0,  3,  9,  1,  27,  28,  81,  35,  1,  50,  6,  24,  0,  2,  1,  11,  2,  1,  23,  2,  1,  31,  8,  15,  40,  3,  1,  0,  15,  4,  2,  13,  7,  3,  10,  22,  2,  27,  4,  44,  22,  23,  47,  750,  222,  5,  35,  95,  6,  12,  96,  24,  130,  121,  19,  25,  21,  103,  1,  70,  9,  35,  43,  17,  77,  372,  34,  212,  198,  41,  48,  95,  7,  45,  19,  26,  20,  10,  7,  36,  35, 4 173, 7 563,  7,  2,  0,  0,  0, 3 958, 11 531, 15 704,,H,  3,,,,,,,
4501,Food and Beverage Services,  67,  4,  66,  2,  8,  8,  9,  68,  44,  28,  32,  21,  66,  4,  6,  3,  6,  4,  31,  29,  42,  52,  239,  196,  318,  0,  4,  12,  2,  13,  0,  12,  23,  3,  39,  52,  23,  76,  3,  85,  15,  35,  0,  9,  4,  43,  12,  8,  38,  11,  1,  87,  18,  31,  103,  6,  2,  1,  43,  7,  5,  30,  16,  9,  28,  65,  3,  30,  4,  49,  35,  33,  59,  528,  289,  15,  93,  103,  18,  10,  13,  67,  177,  90,  48,  65,  59,  306,  4,  194,  32,  74,  48,  20,  89, 1 611,  116,  743,  338,  34,  115,  134,  8,  43,  45,  70,  54,  30,  26,  37,  35, 8 322, 39 822,  1,  14,  0,  3,  0, 2 090, 41 931, 50 252,,H,  17,,,,,,,
4601,Road Transport,  593,  104,  320,  11,  47,  14,  118,  223,  86,  67,  166,  150,  85, 1 536,  47,  375,  341,  61,  297,  170,  146,  301,  71,  163,  188,  27,  60,  87,  6,  21,  2,  250,  238,  91,  137,  99,  59,  57,  32,  418,  70,  281,  7,  34,  14,  399,  98,  38,  478,  373,  10,  278,  56,  108,  270,  37,  14,  32,  81,  88,  36,  190,  185,  33,  139,  53,  5,  75,  8,  925,  471,  472,  906,  971,  615,  163,  883, 1 037,  90,  28,  235,  94,  340,  58,  35,  46,  48,  382,  2,  47,  13,  48,  50,  80,  56,  400,  56,  243,  510,  120,  69,  277,  247,  108,  48,  125,  78,  93,  68,  57,  45, 21 395, 8 961,  802, 1 546,  57,  198,  201, 6 800, 18 566, 39 961,,I, 1 802,,,,,,,
4701,Rail Transport,  42,  7,  9,  0,  1,  1,  4,  666,  314,  27,  32,  7,  8,  22,  1,  12,  11,  5,  36,  2,  6,  18,  2,  17,  11,  14,  1,  11,  0,  0,  1,  5,  2,  4,  3,  1,  7,  3,  2,  23,  5,  27,  1,  4,  4,  39,  10,  3,  199,  260,  4,  26,  5,  12,  25,  2,  1,  3,  6,  6,  4,  27,  4,  2,  135,  29,  1,  2,  0,  51,  43,  41,  52,  103,  39,  11,  39,  26,  6,  2,  42,  12,  62,  1,  3,  3,  7,  55,  0,  0,  0,  3,  24,  15,  59,  37,  1,  40,  12,  5,  4,  9,  5,  3,  5,  7,  4,  3,  4,  3,  2, 3 030, 3 499,  0,  97,  28,  15,-  8, 4 122, 7 753, 10 783,,I,  140,,,,,,,
4801,"Water, Pipeline and Other Transport",  10,  2,  16,  1,  0,  5,  4,  19,  152,  16,  26,  6,  170,  2,  4,  14,  4,  5,  3,  10,  11,  20,  16,  6,  9,  0,  1,  4,  1,  3,  1,  4,  5,  19,  31,  5,  184,  4,  0,  60,  2,  44,  1,  40,  31,  34,  73,  11,  203,  214,  4,  29,  5,  10,  19,  1,  1,  0,  6,  3,  1,  59,  3,  3,  151,  17,  1,  1,  3,  29,  27,  28,  32,  197,  64,  12,  72,  8,  7,  564,  11,  23,  13,  11,  2,  3,  20,  105,  0,  14,  2,  0,  18,  10,  37,  283,  50,  117,  94,  7,  28,  37,  15,  29,  2,  18,  14,  5,  10,  5,  18, 3 863,  510,  89,  3,  0,  0,-  4, 1 475, 2 073, 5 936,,I,  3,,,,,,,
4901,Air and Space Transport,  59,  6,  63,  1,  2,  2,  18,  64,  28,  40,  56,  20,  43,  6,  8,  3,  21,  11,  29,  10,  18,  29,  6,  6,  18,  0,  4,  8,  2,  18,  1,  2,  17,  2,  33,  58,  9,  23,  1,  47,  11,  48,  0,  2,  1,  27,  3,  2,  27,  7,  1,  41,  9,  17,  71,  7,  1,  2,  36,  20,  9,  66,  9,  4,  25,  58,  4,  63,  2,  58,  76,  77,  54, 1 013,  375,  39,  127,  43,  18,  13,  586,  77,  311,  55,  43,  57,  67,  344,  3,  108,  24,  72,  31,  17,  48, 1 489,  157,  655,  552,  102,  107,  238,  38,  32,  49,  131,  94,  13,  24,  34,  22, 8 835, 11 146,  4,  125,  3,  16,  2, 7 519, 18 816, 27 651,,I,  145,,,,,,,
5101,Postal and Courier Pick-up and Delivery Service,  20,  5,  20,  0,  7,  1,  6,  28,  31,  9,  22,  28,  24,  1,  2,  8,  4,  1,  8,  7,  5,  6,  8,  4,  11,  0,  0,  4,  0,  4,  0,  2,  3,  1,  7,  13,  1,  6,  0,  13,  3,  4,  0,  1,  1,  12,  6,  5,  8,  3,  0,  8,  4,  4,  8,  2,  1,  0,  8,  11,  3,  18,  7,  6,  11,  25,  3,  30,  13,  99,  49,  50,  62,  826,  704,  53,  307,  345,  1,  6,  28,  254,  207,  119,  35,  48,  75,  471,  3,  182,  67,  239,  99,  20,  80, 1 259,  133,  402,  373,  15,  109,  254,  214,  99,  37,  78,  60,  103,  30,  162,  108, 8 389,  556,  0,  17,  0,  3,  0,  161,  737, 9 126,,I,  20,,,,,,,
5201,Transport Support services and storage,  676,  138,  87,  4,  8,  14,  38,  499,  212,  84,  88,  30,  25,  102,  26,  138,  12,  20,  234,  43,  70,  238,  88,  197,  48,  1,  3,  11,  5,  29,  4,  116,  152,  37,  361,  90,  45,  240,  11,  426,  17,  169,  1,  13,  3,  125,  16,  9,  194,  54,  6,  204,  96,  105,  330,  21,  5,  6,  28,  23,  5,  61,  21,  15,  10,  22,  0,  18,  3,  241,  842,  832,  461, 9 337,  866,  31,  194,  525,  147, 1 129, 1 220,  72, 1 990,  379,  26,  34,  76,  324,  3,  96,  2,  22,  239,  132,  616, 1 321,  131, 1 550,  738,  283,  161,  202,  53,  34,  30,  44,  34,  120,  39,  89,  24, 30 921,  805, 5 000,  151,  4,  29,-  4, 3 818, 9 801, 40 722,,I,  184,,,,,,,
5401,Publishing (except Internet and Music Publishing),  19,  1,  20,  0,  2,  0,  2,  22,  12,  4,  7,  1,  38,  2,  1,  11,  2,  0,  6,  9,  4,  9,  5,  2,  8,  0,  2,  3,  1,  12,  0,  23,  38,  17,  42,  24,  3,  32,  1,  35,  4,  51,  1,  1,  1,  13,  5,  1,  12,  2,  0,  47,  5,  7,  61,  4,  0,  0,  115,  11,  4,  22,  5,  3,  5,  13,  3,  27,  8,  33,  35,  37,  110,  741,  936,  26,  179,  47,  39,  5,  13,  79,  119,  131,  39,  49,  90,  368,  7,  73,  0,  2,  147,  75,  294, 1 379,  296,  480,  416,  17,  99, 1 060,  125,  127,  82,  52,  40,  51,  23,  109,  64, 8 946, 5 203,  3,  248,  189,  646,  36,  961, 7 287, 16 232,,J, 1 083,,,,,,,
5501,Motion Picture and Sound Recording,  4,  1,  1,  0,  2,  1,  2,  3,  3,  3,  1,  1,  2,  0,  0,  1,  0,  0,  1,  1,  5,  1,  3,  1,  2,  0,  0,  1,  0,  0,  0,  7,  7,  0,  2,  2,  6,  0,  0,  1,  1,  3,  0,  1,  0,  2,  1,  1,  2,  2,  0,  2,  1,  1,  10,  1,  0,  0,  3,  1,  0,  2,  1,  2,  0,  1,  0,  3,  0,  5,  4,  4,  26,  11,  19,  1,  7,  7,  1,  4,  1,  1,  2, 1 026,  592, 1 471,  106,  71,  24,  2,  1,  1,  68,  17,  58,  278,  33,  220,  19,  8,  24,  29,  1,  4,  273,  119,  91,  3,  14,  6,  4, 4 764, 1 337,  414,  235,  0,  347,-  85,  202, 2 451, 7 215,,J,  582,,,,,,,
5601,Broadcasting (except Internet),  2,  1,  0,  0,  8,  0,  31,  3,  2,  4,  16,  1,  8,  4,  3,  26,  5,  0,  5,  8,  21,  25,  22,  5,  13,  0,  0,  1,  0,  1,  0,  2,  17,  0,  2,  3,  2,  20,  1,  7,  9,  16,  0,  1,  1,  1,  5,  1,  1,  0,  0,  7,  0,  3,  125,  0,  0,  0,  4,  5,  3,  5,  4,  1,  2,  5,  1,  14,  3,  22,  7,  7,  108,  211,  524,  234, 1 216,  26,  0,  5,  10,  10,  13,  87,  370,  506,  48,  44,  9,  214,  9,  6,  118,  55,  274, 1 385,  241,  528,  55,  36,  80,  33,  7,  23,  97,  94,  72,  15,  15,  32,  20, 7 353, 1 530,  485,  583,  0,  0,  0,  135, 2 733, 10 086,,J,  583,,,,,,,
5701,"Internet Publishing and Broadcasting and Services Providers, Websearch Portals and Data Processing Services",  11,  1,  6,  0,  1,  1,  2,  12,  7,  3,  4,  1,  5,  7,  1,  12,  1,  0,  4,  3,  3,  6,  3,  1,  8,  0,  0,  2,  0,  1,  0,  3,  7,  1,  13,  20,  4,  15,  1,  19,  2,  22,  0,  2,  1,  11,  3,  2,  86,  3,  2,  14,  2,  8,  141,  2,  1,  0,  11,  6,  3,  22,  2,  2,  23,  54,  4,  11,  2,  42,  44,  42,  46,  318,  277,  14,  88,  56,  7,  5,  5,  27,  117,  40,  13,  19,  23,  113,  3,  45,  7,  45,  35,  16,  63,  414,  58,  150,  197,  5,  38,  87,  25,  29,  45,  27,  21,  27,  19,  30,  26, 3 342, 1 972,  0,  15,  0,  4,  0,  92, 2 082, 5 424,,J,  19,,,,,,,
5801,Telecommunication Services,  34,  11,  61,  2,  6,  6,  25,  27,  24,  8,  18,  4,  53,  36,  5,  73,  8,  4,  37,  27,  17,  35,  32,  11,  43,  1,  2,  13,  2,  12,  2,  12,  52,  4,  44,  87,  37,  34,  1,  58,  9,  92,  1,  6,  4,  69,  31,  20,  47,  6,  1,  105,  15,  44,  147,  16,  3,  0,  60,  42,  16,  169,  29,  18,  66,  151,  22,  107,  23,  335,  385,  384,  300, 2 361, 1 950,  102,  635,  367,  37,  29,  102,  135,  966,  90,  132,  178,  130,  611,  8,  420,  57,  457,  260,  97,  454, 2 587,  371,  786, 1 312,  60,  238,  661,  274,  244,  125,  276,  213,  260,  159,  244,  219, 21 297, 13 083,  68, 2 994, 1 552,  347,  0,  694, 18 738, 40 035,,J, 4 893,,,,,,,
6001,Library and Other Information Services,  0,  0,  0,  0,  0,  0,  0,  0,  0,  0,  0,  0,  0,  0,  0,  0,  0,  0,  0,  0,  0,  0,  0,  0,  0,  0,  0,  0,  0,  0,  0,  0,  0,  0,  0,  0,  0,  0,  0,  0,  0,  0,  0,  0,  0,  0,  0,  0,  0,  0,  0,  0,  0,  0,  0,  0,  0,  0,  0,  0,  0,  0,  0,  0,  0,  0,  0,  0,  0,  0,  0,  0,  0,  0,  0,  0,  0,  0,  0,  0,  0,  0,  0,  5,  0,  20,  0,  0,  0,  0,  0,  0,  0,  0,  0,  85,  0,  4,  116,  0,  20,  59,  0,  0,  0,  0,  0,  0,  0,  0,  0,  313,  61,  878,  0,  0,  0,  0,  11,  950, 1 264,,J,  0,,,,,,,
6201,Finance,  633,  97,  333,  20,  33,  68,  68,  381,  405,  181,  395,  64,  196,  55,  13,  71,  26,  4,  45,  30,  22,  65,  21,  234,  77,  6,  6,  29,  6,  19,  2,  29,  59,  23,  49,  103,  68,  83,  4,  111,  23,  95,  2,  39,  19,  28,  9,  24,  49,  217,  1,  114,  34,  68,  114,  13,  10,  13,  98,  52,  13,  62,  40,  15,  488,  821,  137,  715,  32,  578,  517,  513, 1 311, 2 553, 1 404,  190,  494,  527,  119,  161,  206,  97,  935,  122,  102,  187,  72,  581,  7, 1 926, 2 783,  254,  810, 12 959, 2 465, 2 679,  183,  856,  715,  195,  207,  614,  700,  179,  85,  187,  104,  197,  59,  188,  172, 46 673, 27 616,  25,  495,  9,  127,  0,  883, 29 155, 75 828,,K,  631,,,,,,,
6301,Insurance and Superannuation Funds,  104,  8,  165,  6,  34,  20,  23,  138,  61,  46,  66,  62,  16,  17,  17,  3,  17,  21,  62,  26,  50,  142,  21,  19,  36,  1,  0,  6,  0,  1,  0,  5,  16,  4,  34,  23,  9,  22,  2,  27,  6,  31,  1,  4,  1,  37,  6,  2,  15,  7,  1,  27,  5,  11,  80,  12,  4,  19,  15,  6,  2,  15,  6,  1,  9,  3,  0,  3,  2,  772,  339,  332,  281,  854,  560,  80,  438,  94,  67,  4,  17,  30,  94,  130,  60,  79,  32,  155,  8,  201,  22,  101,  158,  595,  370,  486,  110,  357,  101,  64,  74,  53,  93,  52,  92,  84,  64,  261,  78,  43,  19, 9 564, 30 973,  1,  35,  1,  6,  0,  440, 31 458, 41 022,,K,  43,,,,,,,
6401,Auxiliary Finance and Insurance Services,  237,  16,  115,  1,  1,  2,  15,  168,  65,  55,  166,  16,  192,  15,  2,  23,  5,  2,  6,  5,  8,  13,  8,  6,  20,  0,  1,  2,  0,  4,  1,  2,  6,  2,  13,  22,  3,  16,  1,  16,  3,  24,  1,  2,  1,  34,  7,  1,  5,  1,  0,  12,  2,  3,  22,  1,  0,  1,  14,  7,  3,  24,  9,  2,  26,  59,  4,  334,  3, 2 577,  661,  652, 3 656,  486,  239,  17,  108,  41,  14,  3,  10,  52,  72,  19,  23,  26,  33,  259,  2, 16 306, 8 115, 9 303,  93,  64,  183,  820,  43,  212, 2 712,  7,  152,  116,  127,  41,  36,  30,  23,  80,  42,  50,  23, 49 382, 2 251,  0,  39,  1,  10,  0,  378, 2 680, 52 062,,K,  50,,,,,,,
6601,Rental and Hiring Services (except Real Estate),  109,  18,  39,  3,  27,  11,  429,  256,  143,  50,  205,  72,  40,  17,  3,  38,  6,  5,  16,  22,  23,  20,  40,  9,  23,  0,  2,  8,  1,  7,  3,  55,  82,  4,  48,  67,  85,  24,  1,  30,  9,  68,  1,  9,  2,  32,  12,  6,  151,  20,  3,  60,  15,  26,  150,  20,  4,  0,  43,  18,  6,  65,  17,  20,  73,  176,  39,  19,  10,  185,  492,  492,  454,  803,  473,  101,  538,  165,  63,  16,  50,  136,  529,  246,  73,  96,  88,  615,  5,  391,  52,  190,  237,  125,  516, 1 381,  70,  733,  419,  43,  137,  123,  194,  143,  52,  102,  78,  321,  418,  147,  98, 14 702, 2 807,  0,  17,  0,  4,  0,  573, 3 401, 18 103,,L,  22,,,,,,,
6701,Ownership of Dwellings,  0,  0,  0,  0,  0,  0,  0,  0,  0,  0,  0,  0,  0,  0,  0,  0,  0,  0,  0,  0,  0,  0,  0,  0,  0,  0,  0,  0,  0,  0,  0,  0,  0,  0,  0,  0,  0,  0,  0,  0,  0,  0,  0,  0,  0,  0,  0,  0,  0,  0,  0,  0,  0,  0,  0,  0,  0,  0,  0,  0,  0,  0,  0,  0,  0,  0,  0,  0,  0,  0,  0,  0,  0,  0,  0,  0,  0,  0,  0,  0,  0,  0,  0,  0,  0,  0,  0,  0,  0,  0,  0,  0,  0,  1,  0,  1,  0,  0,  0,  0,  0,  0,  0,  0,  0,  0,  0,  0,  0,  0,  0,  3, 97 114,  171,  5,  0,  0,  0,  558, 97 848, 97 851,,T,  5,,,,,,,
6702,Non-Residential Property Operators and Real Estate Services,  118,  7,  39,  0,  0,  0,  37,  388,  210,  338,  27,  5,  12,  111,  4,  27,  8,  1,  11,  9,  19,  25,  10,  10,  49,  0,  3,  5,  0,  14,  3,  8,  33,  10,  44,  42,  16,  14,  0,  37,  5,  39,  1,  12,  1,  25,  21,  10,  216,  63,  26,  79,  16,  39,  122,  18,  10,  43,  58,  10,  2,  25,  4,  2,  7,  15,  2,  4,  2, 1 496, 1 163, 1 048, 2 877, 5 274, 1 875,  173,  982,  487,  406,  23,  308,  291, 1 097,  38,  127,  167,  163, 1 311,  12,  48,  3,  253, 2 193, 2 547, 5 596, 2 189,  28, 2 426,  60,  26,  269,  174,  13,  11,  144,  292,  225,  26,  7,  73,  19, 38 515,  0,  27, 8 086,  0,  1,  0,  70, 8 184, 46 699,,L, 8 087,,,,,,,
6901,"Professional, Scientific and Technical Services ",  693,  46,  435,  12,  26,  7,  205,  449,  144,  83,  471,  57, 3 013,  69,  15,  259,  50,  19,  166,  64,  192,  265,  113,  91,  240,  3,  14,  59,  8,  47,  8,  61,  182,  18,  436,  466,  40,  490,  25,  323,  32,  405,  10,  31,  17,  205,  137,  42,  253,  65,  6,  306,  73,  169, 1 200,  61,  14,  50,  506,  235,  125,  511,  106,  44,  124,  293,  107,  556,  12, 1 478, 4 085, 4 064, 2 930, 6 311, 6 879,  263, 1 592, 1 655,  41,  221,  663,  138, 1 921,  554,  302,  406,  343,  964,  17,  401,  164, 1 785,  755,  834, 4 332, 19 397, 3 015, 3 550, 3 145,  336,  306,  660,  995,  299,  296,  705,  422,  901,  544,  436,  238, 93 404, 3 740, 2 498, 6 736,  32,  450,  0, 4 916, 18 372, 111 777,,M, 7 219,,,,,,,
7001,Computer Systems Design and Related Services,  1,  0,  0,  0,  0,  0,  8,  8,  3,  5,  6,  1,  11,  5,  5,  8,  4,  2,  8,  8,  6,  18,  19,  1,  16,  0,  3,  9,  2,  7,  1,  8,  11,  1,  13,  15,  5,  14,  5,  18,  12,  15,  3,  7,  3,  15,  5,  3,  12,  6,  1,  7,  5,  5,  14,  2,  1,  0,  55,  12,  4,  25,  9,  3,  4,  9,  3,  2,  13,  33,  17,  16,  43, 1 192,  318,  49,  112,  47,  21,  18,  47,  59,  86,  36,  15,  13,  132, 1 270,  7,  605,  457,  406,  75,  25,  119, 2 420, 1 721, 1 033, 2 209,  440,  960,  605,  91,  77,  92,  27,  21,  3,  17,  71,  190, 15 707,  0,  28, 7 456,  177, 1 196,  0,  664, 9 522, 25 228,,M, 8 830,,,,,,,
7201,"Building Cleaning, Pest Control, Administrative and Other Support Services",  58,  6,  23,  6,  7,  7,  23,  121,  30,  18,  216,  30,  141,  128,  27,  64,  126,  17,  40,  71,  47,  142,  130,  29,  173,  2,  14,  25,  8,  63,  16,  62,  99,  14,  295,  308,  184,  644,  33,  272,  62,  446,  30,  17,  7,  203,  62,  12,  243,  71,  8,  333,  64,  188,  832,  20,  17,  45,  149,  104,  48,  187,  63,  27,  29,  68,  21,  34,  14, 1 145, 1 507, 1 500, 1 909, 2 201, 3 531, 1 330, 1 831,  227,  78,  58, 1 880,  93, 3 351, 1 145,  95,  113,  110,  342,  420,  791,  153, 1 344, 1 136,  336, 2 923, 4 571,  589, 2 896, 1 367,  33,  442, 1 236,  540,  383,  358,  771,  163,  76,  142,  347,  337, 50 925,  922, 2 119,  244,  5,  61,  0,  910, 4 261, 55 185,,N,  310,,,,,,,
7501,Public Administration and Regulatory Services,  14,  1,  22,  1,  5,  4,  6,  78,  35,  51,  61,  20,  8,  12,  4,  4,  0,  1,  9,  4,  14,  33,  26,  5,  14,  0,  0,  1,  0,  0,  0,  4,  7,  3,  37,  29,  10,  0,  0,  133,  12,  37,  0,  1,  1,  14,  2,  1,  33,  1,  1,  13,  6,  6,  86,  5,  0,  0,  6,  3,  1,  10,  4,  1,  6,  14,  0,  48,  0,  241,  194,  192,  85,  173,  188,  3,  20,  460,  15,  3,  1,  57,  428,  149,  7,  7,  60,  270,  1,  18,  3,  35,  45,  13,  45,  918,  160,  320, 1 795,  42,  100,  265,  65,  54,  18,  8,  6,  77,  21,  75,  12, 7 615, 1 170, 51 609,  840,  14,  137,  0,  41, 53 811, 61 426,,O,  992,,,,,,,
7601,Defence,  0,  0,  0,  0,  0,  0,  0,  0,  0,  0,  0,  0,  0,  0,  0,  0,  0,  0,  0,  0,  0,  0,  0,  0,  0,  0,  0,  0,  0,  0,  0,  0,  0,  0,  0,  0,  0,  0,  0,  0,  0,  0,  0,  0,  0,  0,  0,  0,  0,  0,  0,  0,  0,  0,  0,  0,  0,  0,  0,  0,  0,  0,  0,  0,  0,  0,  0,  0,  0,  0,  0,  0,  0,  10,  3,  0,  1,  0,  0,  0,  0,  0,  1,  0,  0,  0,  1,  4,  0,  1,  1,  0,  0,  0,  0,  16,  3,  6,  15,  0,  2,  2,  0,  1,  1,  0,  0,  0,  0,  0,  2,  76,  0, 16 432,  558,  11,  132,  0,  108, 17 241, 17 316,,O,  701,,,,,,,
7701,Public Order and Safety,  1,  0,  1,  0,  4,  1,  3,  48,  10,  4,  62,  5,  43,  2,  0,  3,  0,  0,  1,  13,  2,  3,  10,  0,  27,  0,  1,  1,  1,  9,  1,  7,  14,  6,  25,  3,  10,  61,  3,  32,  6,  66,  3,  3,  0,  23,  19,  1,  3,  0,  0,  45,  10,  17,  101,  3,  0,  0,  20,  7,  5,  33,  11,  3,  11,  26,  2,  16,  2,  48,  61,  60,  101,  261,  147,  17,  94,  47,  3,  5,  10,  26,  219,  59,  45,  59,  37,  120,  4,  32,  2,  4,  105,  42,  193,  771,  124,  228,  246,  7,  35,  100,  50,  43,  47,  46,  36,  40,  86,  86,  22, 4 620,  118, 10 839,  75,  2,  12,  0,  44, 11 089, 15 708,,O,  88,,,,,,,
8001,Education and Training,  5,  1,  6,  1,  1,  2,  5,  32,  19,  7,  23,  9,  20,  12,  1,  26,  3,  3,  6,  7,  10,  8,  11,  7,  11,  0,  1,  2,  0,  23,  0,  3,  8,  2,  16,  16,  12,  16,  1,  25,  2,  28,  0,  2,  1,  27,  7,  1,  22,  5,  1,  19,  3,  6,  46,  2,  1,  0,  20,  7,  4,  24,  3,  1,  2,  72,  5,  25,  9,  34,  19,  17,  42,  76,  53,  10,  60,  38,  11,  4,  15,  7,  126,  12,  10,  12,  25,  31,  4,  337,  31,  141,  46,  16,  81,  748,  120,  374,  162,  25,  93,  563,  74,  39,  104,  65,  6,  65,  10,  37,  71, 4 517, 20 788, 30 593,  894,  17,  220,  0, 4 576, 57 088, 61 605,,P, 1 131,,,,,,,
8401,Health Care Services,  0,  0,  0,  0,  1,  1,  0,  0,  0,  0,  0,  0,  1,  1,  0,  0,  0,  0,  0,  0,  0,  0,  1,  0,  11,  0,  0,  0,  0,  12,  8,  3,  9,  0,  8,  8,  0,  113,  5,  20,  1,  8,  0,  0,  0,  1,  0,  0,  1,  0,  0,  1,  0,  0,  2,  0,  0,  0,  1,  1,  0,  1,  1,  0,  0,  1,  0,  2,  0,  0,  2,  2,  2,  8,  11,  2,  7,  0,  0,  1,  0,  15,  12,  5,  0,  0,  8,  7,  0,  9,  205,  9,  3,  1,  4,  21,  3,  38,  58,  56,  6,  49,  280,  40,  0,  5,  2,  15,  3,  6,  3, 1 128, 17 545, 30 904,  203,  4,  52,  0,  285, 48 993, 50 120,,Q,  258,,,,,,,
8601,Residential Care and Social Assistance Services,  0,  0,  0,  0,  0,  0,  0,  0,  0,  0,  0,  0,  0,  0,  0,  0,  0,  0,  0,  0,  0,  0,  0,  0,  0,  0,  0,  0,  0,  0,  0,  0,  0,  0,  0,  0,  0,  0,  0,  0,  0,  0,  0,  0,  0,  0,  0,  0,  0,  0,  0,  0,  0,  0,  0,  0,  0,  0,  0,  0,  0,  0,  0,  0,  0,  0,  0,  0,  0,  0,  0,  0,  0,  0,  0,  0,  0,  0,  0,  0,  0,  0,  0,  0,  0,  0,  0,  0,  0,  0,  0,  0,  0,  0,  0,  2,  0,  0,  1,  0,  0,  0,  38,  6,  0,  0,  0,  0,  0,  0,  0,  49, 7 756, 18 871,  178,  3,  45,  0,  93, 26 947, 26 995,,Q,  226,,,,,,,
8901,"Heritage, Creative and Performing Arts",  6,  1,  1,  0,  3,  0,  12,  3,  3,  3,  2,  3,  23,  0,  0,  1,  0,  0,  1,  0,  1,  0,  2,  1,  2,  0,  0,  2,  0,  3,  2,  4,  6,  0,  1,  5,  4,  0,  0,  1,  0,  2,  0,  1,  1,  1,  1,  0,  1,  1,  0,  2,  0,  1,  6,  1,  0,  0,  2,  0,  0,  1,  4,  1,  0,  15,  0,  9,  1,  10,  2,  2,  8,  14,  16,  23,  87,  4,  16,  3,  1,  1,  2,  66,  162,  165,  17,  4,  5,  20,  7,  5,  19,  4,  15,  635,  25,  207,  34,  15,  21,  374,  18,  44,  192,  98,  87,  2,  7,  1,  32, 2 622, 1 096, 2 929,  150,  1,  10,  0,  85, 4 271, 6 893,,P,  161,,,,,,,
9101,Sports and Recreation ,  0,  0,  0,  1,  0,  0,  0,  10,  17,  10,  4,  0,  0,  0,  0,  0,  0,  0,  0,  0,  0,  3,  4,  4,  12,  0,  0,  0,  0,  0,  0,  0,  0,  0,  0,  0,  0,  0,  0,  0,  0,  0,  0,  0,  0,  0,  0,  0,  0,  0,  0,  0,  0,  0,  5,  0,  0,  0,  0,  0,  0,  0,  0,  0,  3,  4,  0,  0,  0,  25,  19,  19,  17,  101,  92,  6,  17,  2,  0,  2,  10,  0,  0,  3,  78,  169,  70,  33,  1,  19,  9,  16,  11,  1,  21,  158,  31,  48,  48,  33,  17,  110,  10,  63,  18,  293,  137,  1,  1,  6,  26, 1 818, 7 503,  698,  30,  1,  8,  0,  305, 8 544, 10 363,,R,  38,,,,,,,
9201,Gambling,  2,  0,  1,  0,  0,  0,  0,  1,  1,  0,  0,  0,  2,  0,  0,  0,  0,  0,  1,  0,  1,  1,  4,  3,  5,  0,  0,  0,  0,  0,  0,  0,  0,  0,  1,  1,  2,  2,  0,  2,  0,  1,  0,  0,  0,  1,  0,  0,  1,  0,  0,  2,  0,  1,  2,  0,  0,  0,  1,  0,  0,  1,  0,  0,  1,  1,  0,  1,  0,  1,  0,  0,  0,  19,  7,  0,  1,  3,  0,  0,  2,  1,  4,  3,  1,  1,  1,  6,  0,  4,  1,  2,  1,  0,  0,  26,  3,  12,  9,  1,  3,  4,  0,  1,  1,  1,  1,  1,  0,  1,  1,  168, 5 546,  50,  0,  0,  0,  0,  469, 6 065, 6 234,,R,  0,,,,,,,
9401,Automotive Repair and Maintenance,  170,  11,  129,  11,  174,  36,  77,  73,  80,  21,  59,  74,  63,  16,  6,  11,  20,  10,  34,  20,  32,  49,  84,  14,  10,  0,  0,  1,  0,  0,  0,  10,  12,  5,  21,  84,  10,  24,  1,  86,  12,  5,  1,  1,  1,  24,  5,  1,  13,  2,  0,  18,  5,  4,  96,  1,  0,  0,  4,  3,  0,  17,  20,  8,  47,  109,  5,  54,  5,  114,  139,  137,  556,  896,  979,  7,  98, 2 093,  32,  78,  32,  118,  526,  71,  22,  29,  70,  531,  3,  42,  9,  19,  61,  30,  142,  377,  47,  452,  130,  41,  65,  48,  97,  45,  28,  50,  39,  15,  47,  38,  37, 10 391, 6 974,  0,  4,  0,  1,  0,  14, 6 993, 17 384,,S,  5,,,,,,,
9402,Other Repair and Maintenance,  117,  10,  55,  5,  71,  17,  37,  223,  188,  73,  70,  57,  193,  24,  2,  19,  1,  1,  4,  28,  6,  16,  10,  3,  7,  1,  8,  25,  3,  1,  12,  38,  77,  12,  43,  39,  35,  2,  0,  49,  1,  70,  1,  4,  1,  79,  8,  1,  32,  1,  1,  33,  8,  11,  47,  3,  0,  0,  6,  3,  0,  42,  19,  4,  37,  85,  19,  62,  4,  157,  118,  117,  113,  503,  486,  21,  133,  113,  58,  79,  92,  102,  324,  104,  11,  13,  80,  455,  1,  273,  31,  139,  56,  159,  116,  609,  149,  368,  99,  40,  54,  115,  22,  57,  13,  14,  11,  11,  16,  46,  33, 7 680,  817,  0,  35,  1,  9,  0,  66,  928, 8 608,,S,  45,,,,,,,
9501,Personal Services,  9,  1,  7,  0,  0,  0,  0,  8,  5,  3,  3,  5,  1,  0,  0,  0,  0,  0,  0,  0,  0,  0,  0,  0,  0,  0,  0,  0,  0,  0,  0,  0,  0,  0,  0,  0,  0,  0,  0,  0,  0,  0,  0,  0,  0,  0,  0,  0,  0,  0,  0,  0,  0,  0,  1,  0,  0,  0,  0,  0,  0,  0,  0,  0,  0,  0,  0,  0,  0,  9,  16,  17,  12,  59,  122,  40,  35,  80,  2,  3,  5,  3,  28,  27,  73,  70,  10,  27,  1,  0,  0,  0,  6,  3,  13,  179,  11,  35,  9,  25,  6,  18,  610,  109,  29,  16,  22,  3,  3,  70,  13, 1 862, 6 042,  232,  0,  0,  0,  0,  125, 6 398, 8 260,,S,  0,,,,,,,
9502,Other Services,  0,  0,  0,  0,  0,  0,  0,  4,  2,  1,  5,  2,  0,  2,  0,  0,  0,  0,  1,  0,  1,  1,  0,  0,  2,  0,  0,  0,  0,  1,  0,  1,  1,  0,  3,  2,  0,  3,  0,  2,  1,  5,  0,  0,  0,  2,  1,  0,  0,  0,  0,  3,  1,  1,  8,  0,  0,  0,  1,  0,  0,  2,  1,  0,  1,  3,  1,  1,  1,  20,  33,  33,  11,  6,  9,  1,  4,  3,  1,  1,  1,  1,  3,  2,  0,  1,  2,  2,  0,  7,  1,  1,  2,  1,  4,  43,  5,  24,  2,  42,  6,  16,  12,  10,  0,  7,  1,  1,  0,  9,  3,  397, 9 311,  0,  13,  0,  3,  0,  6, 9 334, 9 731,,S,  17,,,,,,,
,,,,,,,,,,,,,,,,,,,,,,,,,,,,,,,,,,,,,,,,,,,,,,,,,,,,,,,,,,,,,,,,,,,,,,,,,,,,,,,,,,,,,,,,,,,,,,,,,,,,,,,,,,,,,,,,,,,,,,,,,,,,,,,,,,,,
T1,Total Intermediate Use, 12 508, 1 832, 8 558,  420, 2 210,  941, 3 837, 13 842, 6 060, 6 816, 13 598, 3 137, 7 030, 15 048, 1 005, 9 046, 2 824, 1 203, 2 981, 3 348, 4 812, 5 759, 3 042, 2 299, 5 021,  525,  853, 1 871,  267, 1 508,  270, 2 744, 4 134, 1 498, 5 003, 4 481, 20 459, 3 658,  526, 10 848, 1 699, 9 275,  300, 1 134,  498, 4 908, 2 492,  890, 12 499, 37 717,  329, 9 243, 2 223, 4 274, 18 226, 2 083,  880, 2 101, 4 958, 4 029, 1 340, 7 791, 3 488, 1 308, 8 639, 8 523,  707, 6 209,  440, 42 747, 32 980, 33 150, 58 671, 60 362, 38 062, 6 051, 27 616, 20 379, 4 886, 3 613, 12 183, 4 177, 18 832, 6 557, 3 411, 5 365, 3 525, 20 672,  622, 23 947, 12 366, 15 350, 8 426, 23 127, 23 113, 62 573, 10 052, 26 788, 24 027, 8 420, 5 737, 14 197, 10 766, 5 077, 3 585, 6 206, 3 679, 11 038, 5 503, 3 877, 3 049,1 068 798, 561 993, 185 960, 235 541, 18 947, 32 530, 3 328, 209 911,1 248 209,2 317 007,,,,,,,,,,
,,,,,,,,,,,,,,,,,,,,,,,,,,,,,,,,,,,,,,,,,,,,,,,,,,,,,,,,,,,,,,,,,,,,,,,,,,,,,,,,,,,,,,,,,,,,,,,,,,,,,,,,,,,,,,,,,,,,,,,,,,,,,,,,,,,,
P1,Compensation of employees, 2 017,  417, 1 869,  243,  618,  296, 1 070, 3 419, 1 460, 1 007, 2 978,  894, 3 349, 3 077,  153, 1 257,  666,  130,  520, 1 726, 1 144, 1 202,  574,  261, 1 188,  372,  101,  600,  102,  695,  95,  857, 1 591,  386, 1 364, 2 547,  713,  762,  114, 1 948,  518, 3 067,  183,  504,  484,  839,  851,  369, 2 359, 2 442,  101, 3 032,  862, 2 122, 4 477,  869,  475,  876, 2 429, 1 139,  401, 3 019, 1 230,  541, 1 251, 3 396,  153, 2 221, 1 578, 3 996, 4 188, 7 101, 21 879, 31 223, 32 272, 3 688, 12 484, 9 516, 2 836,  846, 3 423, 2 747, 6 643, 3 014,  994, 1 567,  962, 5 651,  269, 15 830, 12 653, 27 654, 3 808,  0, 8 773, 33 438, 11 923, 24 041, 31 682, 4 721, 8 238, 40 672, 30 899, 18 868, 1 822, 2 449, 1 440, 3 649, 2 195, 2 982, 5 130, 533 736,  0,  0,  0,  0,  0,  0,  0,  0, 533 736,,,,,,,,,,
P2,Gross operating surplus & mixed income, 8 654, 1 517, 3 984,  284,  191,  725,  898, 9 838, 19 405, 8 701, 19 711,  56, 2 772,  574,  395, 1 181,  773,  320,  451,  178,  45,  449,  996, 1 012, 1 414,  195,  110,  70,  98,  144,  57,  713,  675,  216,  684, 1 454, 3 676, 2 236,  98,  810,  382, 1 638,  17,  330,  312, 1 054,  100,  146, 1 925, 8 417,  56, 1 589,  521,  875,  742,  615,  114,  787, 1 238,  748,  222, 1 505,  265,  288, 4 324, 4 115, 1 732, 3 802,  937, 8 845, 5 802, 3 118, 20 084, 13 483, 13 250, 2 596, 6 067, 6 337, 2 185, 1 067, 2 556, 1 581, 13 677, 4 415, 1 072, 2 282,  636, 12 368,  348, 33 020, 14 263, 8 125, 4 509, 66 389, 13 819, 10 319, 2 352, 2 713, 4 995, 3 703, 1 419, 4 270, 6 819, 2 564, 1 316, 1 261,  621, 1 898,  525, 1 105, 1 257, 443 587,  0,  0,  0,  0,  0,  0,  0,  0, 443 587,,,,,,,,,,
P3,Taxes less subsidies on products,  236,  18,  172,  24,  121,  29,  81,-  176,-  86,  178,  235,  104,  85,  111,  11,  60,  22,  11,  48,  28,  18,  61,  27,  22,  305,  33,  6,  87,  2,  44,  3,  26,  33,  12,  46,  31,  288,  18,  1,  54,  16,  38,  2,  11,  7,  11,  20,  5,-  11,  45,  7,  49,  13,  21,  190,  15,  7,  10,  17,  17,  7,  34,  23,  5,  39,  8,  5,  188,  63,  263,  189,  195,  439,  563,  319,  295, 1 870, 1 582,  110,  92,  414,  225,  451,  75,  49,  60,  28,  370,  3,  807,  269,  100,  185, 2 444,  459, 1 595,  62,  448,  77,  254,  117,  164,  94,  53,  33,  45,  51,  195,  56,  38,  25, 18 445, 48 956,  0, 17 213,  33,  82,-  25,-  565, 65 695, 84 140,,,,,,,,,,
P4,Other taxes less subsidies on production,  481,  60,  186,  19,  27,  67,  72,  79,  134,  76,  162,  47,  79,  168,  18,  101,  37,  13,  50,  108,  48,  86,  32,  24,  66,  28,  10,  47,  14,  49,  9,  46,  60,  31,  103,  126,  55,  56,  9,  124,  35,  198,  9,  26,  44,  63,  41,  20,  131,  141,  6,  118,  51,  94,  227,  42,  19,  67,  140,  71,  28,  131,  85,  17,  54,  292,  49,-  339,  37,  280,  132,  133,  711, 2 729, 2 056,  141,  576, 1 142,  195,-  5,  280,  305,  376,  174,  107,  60,  50,  188,  10, 1 534,  678,  385,  112, 5 406,  440, 1 216,  212,  369,  629,  213,  192,  867, 1 118,  378,  41,  187,  76,  601,  247,  153,  266, 29 864,  0,  0,  0,  0,  0,  0,  0,  0, 29 864,,,,,,,,,,
P5,Complementary imports,  0,  0,  0,  0,  0,  0,  0,  0,  0,  0,  0,  0,  0,  0,  0,  0,  0,  0,  0,  0,  0,  0,  0,  0,  0,  0,  0,  0,  0,  0,  0,  0,  0,  0,  0,  0,  0,  0,  0,  0,  0,  0,  0,  0,  0,  0,  0,  0,  0,  0,  0,  0,  0,  0,  0,  0,  0,  0,  0,  0,  0,  0,  0,  0,  0,  0,  0,  0,  0,  0,  0,  0,  0,  0,  0,  0,  0,  0,  0,  0,  0,  0,  0,  0,  0,  0,  0,  0,  0,  0,  0,  0,  0,  0,  0,  0,  0,  0,  0,  0,  0,  0,  0,  0,  0,  0,  0,  0,  0,  0,  0,  0,  0,  0,  0,  0,  0,  0,  0,  0,  0,,,,,,,,,,
,,,,,,,,,,,,,,,,,,,,,,,,,,,,,,,,,,,,,,,,,,,,,,,,,,,,,,,,,,,,,,,,,,,,,,,,,,,,,,,,,,,,,,,,,,,,,,,,,,,,,,,,,,,,,,,,,,,,,,,,,,,,,,,,,,,,
,Australian Production, 23 896, 3 844, 14 769,  990, 3 167, 2 058, 5 958, 27 002, 26 973, 16 778, 36 684, 4 238, 13 315, 18 978, 1 582, 11 645, 4 322, 1 677, 4 050, 5 388, 6 067, 7 557, 4 671, 3 618, 7 994, 1 153, 1 080, 2 675,  483, 2 440,  434, 4 386, 6 493, 2 143, 7 200, 8 639, 25 191, 6 730,  748, 13 784, 2 650, 14 216,  511, 2 005, 1 345, 6 875, 3 504, 1 430, 16 903, 48 762,  499, 14 031, 3 670, 7 386, 23 862, 3 624, 1 495, 3 841, 8 782, 6 004, 1 998, 12 480, 5 091, 2 159, 14 307, 16 334, 2 646, 12 081, 3 055, 56 131, 43 291, 43 697, 101 784, 108 360, 85 959, 12 771, 48 613, 38 956, 10 212, 5 613, 18 856, 9 035, 39 979, 14 235, 5 633, 9 334, 5 201, 39 249, 1 252, 75 138, 40 229, 51 614, 17 040, 97 366, 46 604, 109 141, 24 601, 54 359, 61 410, 17 311, 15 703, 60 170, 49 696, 26 940, 6 797, 10 148, 5 867, 17 381, 8 526, 8 155, 9 727,2 094 430, 610 949, 185 960, 252 754, 18 980, 32 613, 3 303, 209 346,1 313 904,3 408 334,,,,,,,,,,
P6,Competing Imports,  74,  128,  949,  26,  37,  57,  26,  22, 14 628,  421, 5 574,  200,  173,  575, 1 264,  772, 1 361,  825,  393,  535,  718, 1 587,  270,  257, 1 805, 1 086,  860, 1 845,  579, 4 722, 1 279,  791,  701, 2 508, 1 000,  784, 9 555, 5 581, 1 420, 9 686, 1 729, 6 306,  656,  612,  849,  110,  122,  503, 4 840, 1 887,  100,  602, 1 009, 3 322, 25 602,  778,  234, 2 766, 28 145, 5 691, 3 838, 17 547, 2 862, 3 993,  11,  0,  0,  19,  0,  0,  0,  0,  26,  28,  0, 2 904, 1 685,  949,  564,  337, 8 780,  90,  756, 2 145, 1 523,  737,  204,  780,  11,  683,  779,  433, 2 055,  488,  124, 2 999,  738,  841,  0,  0,  2, 1 430,  424,  55,  57,  214,  297,  3,  120,  105,  4, 222 577,  0,  0,  0,  0,  0,  0, 6 134, 6 134, 228 711,,,,,,,,,,
,,,,,,,,,,,,,,,,,,,,,,,,,,,,,,,,,,,,,,,,,,,,,,,,,,,,,,,,,,,,,,,,,,,,,,,,,,,,,,,,,,,,,,,,,,,,,,,,,,,,,,,,,,,,,,,,,,,,,,,,,,,,,,,,,,,,
,Total Uses, 23 970, 3 972, 15 718, 1 016, 3 204, 2 115, 5 984, 27 024, 41 601, 17 199, 42 258, 4 438, 13 488, 19 553, 2 846, 12 417, 5 683, 2 502, 4 443, 5 923, 6 785, 9 144, 4 941, 3 875, 9 799, 2 239, 1 940, 4 520, 1 062, 7 162, 1 713, 5 177, 7 194, 4 651, 8 200, 9 423, 34 746, 12 311, 2 168, 23 470, 4 379, 20 522, 1 167, 2 617, 2 194, 6 985, 3 626, 1 933, 21 743, 50 649,  599, 14 633, 4 679, 10 708, 49 464, 4 402, 1 729, 6 607, 36 927, 11 695, 5 836, 30 027, 7 953, 6 152, 14 318, 16 334, 2 646, 12 100, 3 055, 56 131, 43 291, 43 697, 101 810, 108 388, 85 959, 15 675, 50 298, 39 905, 10 776, 5 950, 27 636, 9 125, 40 735, 16 380, 7 156, 10 071, 5 405, 40 029, 1 263, 75 821, 41 008, 52 047, 19 095, 97 854, 46 728, 112 140, 25 339, 55 200, 61 410, 17 311, 15 705, 61 600, 50 120, 26 995, 6 854, 10 362, 6 164, 17 384, 8 646, 8 260, 9 731,2 317 007, 610 949, 185 960, 252 754, 18 980, 32 613, 3 303, 215 480,1 320 038,3 637 045,,,,,,,,,,
,,,,,,,,,,,,,,,,,,,,,,,,,,,,,,,,,,,,,,,,,,,,,,,,,,,,,,,,,,,,,,,,,,,,,,,,,,,,,,,,,,,,,,,,,,,,,,,,,,,,,,,,,,,,,,,,,,,,,,,,,,,,,,,,,,,,
,Value Added, 11 152, 1 994, 6 039,  546,  836, 1 088, 2 040, 13 336, 20 999, 9 784, 22 851,  997, 6 200, 3 819,  566, 2 539, 1 476,  463, 1 021, 2 012, 1 237, 1 737, 1 602, 1 297, 2 668,  595,  221,  717,  214,  888,  161, 1 616, 2 326,  633, 2 151, 4 127, 4 444, 3 054,  221, 2 882,  935, 4 903,  209,  860,  840, 1 956,  992,  535, 4 415, 11 000,  163, 4 739, 1 434, 3 091, 5 446, 1 526,  608, 1 730, 3 807, 1 958,  651, 4 655, 1 580,  846, 5 629, 7 803, 1 934, 5 684, 2 552, 13 121, 10 122, 10 352, 42 674, 47 435, 47 578, 6 425, 19 127, 16 995, 5 216, 1 908, 6 259, 4 633, 20 696, 7 603, 2 173, 3 909, 1 648, 18 207,  627, 50 384, 27 594, 36 164, 8 429, 71 795, 23 032, 44 973, 14 487, 27 123, 37 306, 8 637, 9 849, 45 809, 38 836, 21 810, 3 179, 3 897, 2 137, 6 148, 2 967, 4 240, 6 653,1 007 187,  0,  0,  0,  0,  0,  0,  0,  0,  0,,,,,,,,,,
,,,,,,,,,,,,,,,,,,,,,,,,,,,,,,,,,,,,,,,,,,,,,,,,,,,,,,,,,,,,,,,,,,,,,,,,,,,,,,,,,,,,,,,,,,,,,,,,,,,,,,,,,,,,,,,,,,,,,,,,,,,,,,,,,,,,
,© Commonwealth of Australia  2010,,,,,,,,,,,,,,,,,,,,,,,,,,,,,,,,,,,,,,,,,,,,,,,,,,,,,,,,,,,,,,,,,,,,,,,,,,,,,,,,,,,,,,,,,,,,,,,,,,,,,,,,,,,,,,,,,,,,,,,,,,,,,,,,,,,
,,,,,,,,,,,,,,,,,,,,,,,,,,,,,,,,,,,,,,,,,,,,,,,,,,,,,,,,,,,,,,,,,,,,,,,,,,,,,,,,,,,,,,,,,,,,,,,,,,,,,,,,,,,,,,,,,,,,,,,,,,,,,,,,,,,,
,,,,,,,,,,,,,,,,,,,,,,,,,,,,,,,,,,,,,,,,,,,,,,,,,,,,,,,,,,,,,,,,,,,,,,,,,,,,,,,,,,,,,,,,,,,,,,,,,,,,,,,,,,,,,,,,,,,,,,,,,,,,,,,,,,,,
,,,,,,,,,,,,,,,,,,,,,,,,,,,,,,,,,,,,,,,,,,,,,,,,,,,,,,,,,,,,,,,,,,,,,,,,,,,,,,,,,,,,,,,,,,,,,,,,,,,,,,,,,,,,,,,,,,,,,,,,,,,,,,,,,,,,
,,,,,,,,,,,,,,,,,,,,,,,,,,,,,,,,,,,,,,,,,,,,,,,,,,,,,,,,,,,,,,,,,,,,,,,,,,,,,,,,,,,,,,,,,,,,,,,,,,,,,,,,,,,,,,,,,,,,,,,,,,,,,,,,,,,,
,,,,,,,,,,,,,,,,,,,,,,,,,,,,,,,,,,,,,,,,,,,,,,,,,,,,,,,,,,,,,,,,,,,,,,,,,,,,,,,,,,,,,,,,,,,,,,,,,,,,,,,,,,,,,,,,,,,,,,,,,,,,,,,,,,,,
,,,,,,,,,,,,,,,,,,,,,,,,,,,,,,,,,,,,,,,,,,,,,,,,,,,,,,,,,,,,,,,,,,,,,,,,,,,,,,,,,,,,,,,,,,,,,,,,,,,,,,,,,,,,,,,,,,,,,,,,,,,,,,,,,,,,
,,,,,,,,,,,,,,,,,,,,,,,,,,,,,,,,,,,,,,,,,,,,,,,,,,,,,,,,,,,,,,,,,,,,,,,,,,,,,,,,,,,,,,,,,,,,,,,,,,,,,,,,,,,,,,,,,,,,,,,,,,,,,,,,,,,,
,,,,,,,,,,,,,,,,,,,,,,,,,,,,,,,,,,,,,,,,,,,,,,,,,,,,,,,,,,,,,,,,,,,,,,,,,,,,,,,,,,,,,,,,,,,,,,,,,,,,,,,,,,,,,,,,,,,,,,,,,,,,,,,,,,,,